indexID,ticker,porgFullName,secShortName,exchangeCD,tradeDate,preCloseIndex,openIndex,lowestIndex,highestIndex,closeIndex,turnoverVol,turnoverValue,CHG,CHGPct
000300.ZICN,300,中证指数有限公司,沪深300,XSHG,2014/2/24,2264.29,2246.72,2194.16,2246.72,2214.51,8921593900,79599146389,-49.78,-0.02198
000300.ZICN,300,中证指数有限公司,沪深300,XSHG,2014/2/25,2214.51,2216.51,2150.1,2225.21,2157.91,9323755100,88306571728,-56.6,-0.02556
000300.ZICN,300,中证指数有限公司,沪深300,XSHG,2014/2/26,2157.91,2147.74,2137.08,2164.7,2163.41,7799329700,68640581126,5.5,0.00255
000300.ZICN,300,中证指数有限公司,沪深300,XSHG,2014/2/27,2163.41,2170.81,2150.14,2180.06,2154.11,9010429600,81587999653,-9.3,-0.0043
000300.ZICN,300,中证指数有限公司,沪深300,XSHG,2014/2/28,2154.11,2149.45,2133.55,2180.47,2178.97,7666805700,70216798972,24.86,0.01154
000300.ZICN,300,中证指数有限公司,沪深300,XSHG,2014/3/3,2178.97,2173.91,2167.91,2194.22,2190.37,8207231400,69408739897,11.4,0.00523
000300.ZICN,300,中证指数有限公司,沪深300,XSHG,2014/3/4,2190.37,2183.86,2161.59,2188.6,2184.27,7306925000,64691438035,-6.1,-0.00278
000300.ZICN,300,中证指数有限公司,沪深300,XSHG,2014/3/5,2184.27,2187.35,2159.6,2189.09,2163.98,6133201500,55669679402,-20.29,-0.00929
000300.ZICN,300,中证指数有限公司,沪深300,XSHG,2014/3/6,2163.98,2159.4,2136.45,2181.43,2173.63,6909376700,61495023657,9.65,0.00446
000300.ZICN,300,中证指数有限公司,沪深300,XSHG,2014/3/7,2173.63,2170.04,2161.44,2189.39,2168.36,6426517700,58693177974,-5.27,-0.00242
000300.ZICN,300,中证指数有限公司,沪深300,XSHG,2014/3/10,2168.36,2149.68,2095.07,2149.68,2097.79,7141640700,63086412572,-70.57,-0.03255
000300.ZICN,300,中证指数有限公司,沪深300,XSHG,2014/3/11,2097.79,2092.61,2088.73,2118.79,2108.66,5762124300,53075782462,10.87,0.00518
000300.ZICN,300,中证指数有限公司,沪深300,XSHG,2014/3/12,2108.66,2102.8,2090.76,2130.59,2114.13,7006974700,60115239174,5.47,0.00259
000300.ZICN,300,中证指数有限公司,沪深300,XSHG,2014/3/13,2114.13,2119.55,2115.99,2149.44,2140.33,6922602800,59163094375,26.2,0.01239
000300.ZICN,300,中证指数有限公司,沪深300,XSHG,2014/3/14,2140.33,2129.87,2109.58,2140.38,2122.84,5861773700,49805247510,-17.49,-0.00817
000300.ZICN,300,中证指数有限公司,沪深300,XSHG,2014/3/17,2122.84,2132.79,2118.95,2143.2,2143.04,5240944500,47571288733,20.2,0.00952
000300.ZICN,300,中证指数有限公司,沪深300,XSHG,2014/3/18,2143.04,2146.12,2134.92,2152.46,2138.13,5535413200,54188441365,-4.91,-0.00229
000300.ZICN,300,中证指数有限公司,沪深300,XSHG,2014/3/19,2138.13,2131.28,2101.28,2131.28,2120.87,5930390500,55283943974,-17.26,-0.00807
000300.ZICN,300,中证指数有限公司,沪深300,XSHG,2014/3/20,2120.87,2116.19,2086.5,2134.79,2086.97,6763128500,58951601970,-33.9,-0.01598
000300.ZICN,300,中证指数有限公司,沪深300,XSHG,2014/3/21,2086.97,2079.87,2077.76,2163.23,2158.8,10402480700,83560511769,71.83,0.03442
000300.ZICN,300,中证指数有限公司,沪深300,XSHG,2014/3/24,2158.8,2161.9,2150.87,2186.73,2176.55,10449198400,81203913733,17.75,0.00822
000300.ZICN,300,中证指数有限公司,沪深300,XSHG,2014/3/25,2176.55,2170.78,2164.67,2191.49,2174.44,8687751000,67548473561,-2.11,-0.00097
000300.ZICN,300,中证指数有限公司,沪深300,XSHG,2014/3/26,2174.44,2181.23,2165.22,2186.08,2171.05,5827617600,50116023097,-3.39,-0.00156
000300.ZICN,300,中证指数有限公司,沪深300,XSHG,2014/3/27,2171.05,2168.34,2146.92,2186.89,2155.71,7127513200,62175860350,-15.34,-0.00707
000300.ZICN,300,中证指数有限公司,沪深300,XSHG,2014/3/28,2155.71,2154.51,2144.58,2172.67,2151.97,7008607300,60123341093,-3.74,-0.00173
000300.ZICN,300,中证指数有限公司,沪深300,XSHG,2014/3/31,2151.97,2156.05,2134.42,2165.25,2146.31,5545748800,48105020054,-5.66,-0.00263
000300.ZICN,300,中证指数有限公司,沪深300,XSHG,2014/4/1,2146.31,2143.72,2141.15,2170.1,2163.12,4886640300,43659064291,16.81,0.00783
000300.ZICN,300,中证指数有限公司,沪深300,XSHG,2014/4/2,2163.12,2166.07,2164.01,2182.68,2180.73,6503925700,56777151867,17.61,0.00814
000300.ZICN,300,中证指数有限公司,沪深300,XSHG,2014/4/3,2180.73,2188.64,2160.75,2196.14,2165.01,7153603200,57708859685,-15.72,-0.00721
000300.ZICN,300,中证指数有限公司,沪深300,XSHG,2014/4/4,2165.01,2157.98,2155.28,2186.15,2185.47,4794588800,43912624261,20.46,0.00945
000300.ZICN,300,中证指数有限公司,沪深300,XSHG,2014/4/8,2185.47,2179.92,2178.91,2243.97,2237.32,9721911700,85692893370,51.85,0.02372
000300.ZICN,300,中证指数有限公司,沪深300,XSHG,2014/4/9,2237.32,2239.79,2228.99,2246.79,2238.62,6635726800,61178630422,1.3,0.00058
000300.ZICN,300,中证指数有限公司,沪深300,XSHG,2014/4/10,2238.62,2241.45,2229.51,2290.74,2273.76,11454540500,1.02E+11,35.14,0.0157
000300.ZICN,300,中证指数有限公司,沪深300,XSHG,2014/4/11,2273.76,2269.57,2261.13,2281.11,2270.67,9061589700,86154853765,-3.09,-0.00136
000300.ZICN,300,中证指数有限公司,沪深300,XSHG,2014/4/14,2270.67,2267.94,2255.46,2275.83,2268.61,6226499800,60254151500,-2.06,-0.00091
000300.ZICN,300,中证指数有限公司,沪深300,XSHG,2014/4/15,2268.61,2261.41,2225.69,2261.47,2229.46,6821813000,62599115638,-39.15,-0.01726
000300.ZICN,300,中证指数有限公司,沪深300,XSHG,2014/4/16,2229.46,2223.47,2221.15,2245.32,2232.53,5167801000,47770218198,3.07,0.00138
000300.ZICN,300,中证指数有限公司,沪深300,XSHG,2014/4/17,2232.53,2238.78,2221.95,2241.62,2224.8,4833362800,45096433749,-7.73,-0.00346
000300.ZICN,300,中证指数有限公司,沪深300,XSHG,2014/4/18,2224.8,2215.88,2203.05,2228.77,2224.48,5075799500,45709617096,-0.32,-0.00014
000300.ZICN,300,中证指数有限公司,沪深300,XSHG,2014/4/21,2224.48,2209.94,2186.75,2231.71,2187.25,5627828000,51856112765,-37.23,-0.01674
000300.ZICN,300,中证指数有限公司,沪深300,XSHG,2014/4/22,2187.25,2184.02,2165.08,2196.85,2196.8,5709469400,52351993061,9.55,0.00437
000300.ZICN,300,中证指数有限公司,沪深300,XSHG,2014/4/23,2196.8,2191.23,2187.39,2205.59,2194.67,4776353100,45191150830,-2.13,-0.00097
000300.ZICN,300,中证指数有限公司,沪深300,XSHG,2014/4/24,2194.67,2192.77,2186.76,2209.45,2190.47,4505891100,41927012945,-4.2,-0.00191
000300.ZICN,300,中证指数有限公司,沪深300,XSHG,2014/4/25,2190.47,2195.82,2167.64,2201.71,2167.83,6024538300,52092022381,-22.64,-0.01034
000300.ZICN,300,中证指数有限公司,沪深300,XSHG,2014/4/28,2167.83,2165.77,2132.7,2171.39,2134.97,6048518700,49998809829,-32.86,-0.01516
000300.ZICN,300,中证指数有限公司,沪深300,XSHG,2014/4/29,2134.97,2134.41,2131.78,2159.38,2158.47,4820493100,41550353157,23.5,0.01101
000300.ZICN,300,中证指数有限公司,沪深300,XSHG,2014/4/30,2158.47,2158.76,2153.12,2164.18,2158.66,4533462400,39493022295,0.19,9.00E-05
000300.ZICN,300,中证指数有限公司,沪深300,XSHG,2014/5/5,2158.66,2152.59,2131.23,2161.7,2156.47,4934407300,41470449799,-2.19,-0.00101
000300.ZICN,300,中证指数有限公司,沪深300,XSHG,2014/5/6,2156.47,2151.39,2150.11,2173.62,2157.33,4808651900,41486451628,0.86,0.0004
000300.ZICN,300,中证指数有限公司,沪深300,XSHG,2014/5/7,2157.33,2151.47,2136.99,2153.72,2137.32,4460747000,37751019661,-20.01,-0.00928
000300.ZICN,300,中证指数有限公司,沪深300,XSHG,2014/5/8,2137.32,2132.04,2128.32,2168.21,2135.5,4833245200,40729772017,-1.82,-0.00085
000300.ZICN,300,中证指数有限公司,沪深300,XSHG,2014/5/9,2135.5,2138.84,2120.6,2141.56,2133.91,4918113500,40242745273,-1.59,-0.00074
000300.ZICN,300,中证指数有限公司,沪深300,XSHG,2014/5/12,2133.91,2150.31,2139.48,2184.33,2180.05,8347256000,66275508636,46.14,0.02162
000300.ZICN,300,中证指数有限公司,沪深300,XSHG,2014/5/13,2180.05,2180.06,2167.77,2185.05,2174.85,6491251800,50241276089,-5.2,-0.00239
000300.ZICN,300,中证指数有限公司,沪深300,XSHG,2014/5/14,2174.85,2175.09,2169,2184.22,2172.37,4851420600,39214123931,-2.48,-0.00114
000300.ZICN,300,中证指数有限公司,沪深300,XSHG,2014/5/15,2172.37,2169.28,2142.34,2171.45,2144.08,4673403200,38938529216,-28.29,-0.01302
000300.ZICN,300,中证指数有限公司,沪深300,XSHG,2014/5/16,2144.08,2143.93,2132.19,2150.5,2145.95,4225319700,34987586802,1.87,0.00087
000300.ZICN,300,中证指数有限公司,沪深300,XSHG,2014/5/19,2145.95,2139.36,2105.71,2139.36,2115.14,4289360700,37135950607,-30.81,-0.01436
000300.ZICN,300,中证指数有限公司,沪深300,XSHG,2014/5/20,2115.14,2124.71,2110.72,2131.57,2115.77,3729968300,31576339037,0.63,0.0003
000300.ZICN,300,中证指数有限公司,沪深300,XSHG,2014/5/21,2115.77,2106.76,2096.51,2136.1,2135.91,3894604200,32246807970,20.14,0.00952
000300.ZICN,300,中证指数有限公司,沪深300,XSHG,2014/5/22,2135.91,2134.09,2128.86,2160.91,2130.87,4625273600,39227549718,-5.04,-0.00236
000300.ZICN,300,中证指数有限公司,沪深300,XSHG,2014/5/23,2130.87,2130.77,2128.66,2148.58,2148.41,3762310500,32420020159,17.54,0.00823
000300.ZICN,300,中证指数有限公司,沪深300,XSHG,2014/5/26,2148.41,2161.89,2147.45,2165.42,2155.98,3955065600,37788482728,7.57,0.00352
000300.ZICN,300,中证指数有限公司,沪深300,XSHG,2014/5/27,2155.98,2154.4,2145.75,2160.03,2147.28,3589717100,32374256462,-8.7,-0.00404
000300.ZICN,300,中证指数有限公司,沪深300,XSHG,2014/5/28,2147.28,2147.47,2142.01,2171.17,2169.35,5005626000,45627619375,22.07,0.01028
000300.ZICN,300,中证指数有限公司,沪深300,XSHG,2014/5/29,2169.35,2171.26,2154.93,2178.09,2155.16,4489155600,41076912680,-14.19,-0.00654
000300.ZICN,300,中证指数有限公司,沪深300,XSHG,2014/5/30,2155.16,2156.38,2146.22,2166.91,2156.46,4392386300,39769199791,1.3,0.0006
000300.ZICN,300,中证指数有限公司,沪深300,XSHG,2014/6/3,2156.46,2157.64,2149.29,2169,2149.92,4198295400,37906226058,-6.54,-0.00303
000300.ZICN,300,中证指数有限公司,沪深300,XSHG,2014/6/4,2149.92,2149.41,2117.31,2149.45,2128.27,4181724900,35607022812,-21.65,-0.01007
000300.ZICN,300,中证指数有限公司,沪深300,XSHG,2014/6/5,2128.27,2126.61,2123.52,2150.93,2150.6,3647742400,33050774675,22.33,0.01049
000300.ZICN,300,中证指数有限公司,沪深300,XSHG,2014/6/6,2150.6,2149.21,2123.98,2149.78,2134.72,3573805800,32415599488,-15.88,-0.00738
000300.ZICN,300,中证指数有限公司,沪深300,XSHG,2014/6/9,2134.72,2128.23,2126.67,2153.9,2134.28,3931106000,35326732064,-0.44,-0.00021
000300.ZICN,300,中证指数有限公司,沪深300,XSHG,2014/6/10,2134.28,2138.67,2132.45,2161.53,2161.27,5050790200,44416141206,26.99,0.01265
000300.ZICN,300,中证指数有限公司,沪深300,XSHG,2014/6/11,2161.27,2156.15,2152.08,2163.61,2160.77,4256371800,37311080748,-0.5,-0.00023
000300.ZICN,300,中证指数有限公司,沪深300,XSHG,2014/6/12,2160.77,2156.76,2148.41,2160.99,2153.41,4302584300,37252041741,-7.36,-0.00341
000300.ZICN,300,中证指数有限公司,沪深300,XSHG,2014/6/13,2153.41,2150.99,2150.57,2183.65,2176.24,5925287600,51765511450,22.83,0.0106
000300.ZICN,300,中证指数有限公司,沪深300,XSHG,2014/6/16,2176.24,2176.44,2174.28,2196.34,2191.86,6329687500,56904298384,15.62,0.00718
000300.ZICN,300,中证指数有限公司,沪深300,XSHG,2014/6/17,2191.86,2185.68,2168.45,2185.68,2169.67,4993366500,46244977817,-22.19,-0.01012
000300.ZICN,300,中证指数有限公司,沪深300,XSHG,2014/6/18,2169.67,2169.25,2158.5,2172.55,2160.24,4946389700,42538095511,-9.43,-0.00435
000300.ZICN,300,中证指数有限公司,沪深300,XSHG,2014/6/19,2160.24,2161.43,2119.5,2166.41,2126.91,5316264500,46029744918,-33.33,-0.01543
000300.ZICN,300,中证指数有限公司,沪深300,XSHG,2014/6/20,2126.91,2124.96,2120.81,2137.03,2136.73,4239371900,35425712925,9.82,0.00462
000300.ZICN,300,中证指数有限公司,沪深300,XSHG,2014/6/23,2136.73,2137.93,2132.45,2147.23,2134.11,4117925800,37112428752,-2.62,-0.00123
000300.ZICN,300,中证指数有限公司,沪深300,XSHG,2014/6/24,2134.11,2131.69,2130.29,2145.21,2144.82,4016435600,38778505304,10.71,0.00502
000300.ZICN,300,中证指数有限公司,沪深300,XSHG,2014/6/25,2144.82,2141.73,2126.03,2141.73,2133.37,3766610000,33809315524,-11.45,-0.00534
000300.ZICN,300,中证指数有限公司,沪深300,XSHG,2014/6/26,2133.37,2135.16,2134.89,2151.11,2149.08,4435116600,40601836632,15.71,0.00736
000300.ZICN,300,中证指数有限公司,沪深300,XSHG,2014/6/27,2149.08,2146.37,2138.93,2159.53,2150.26,5272289600,45525673947,1.18,0.00055
000300.ZICN,300,中证指数有限公司,沪深300,XSHG,2014/6/30,2150.26,2152.31,2152.31,2168.22,2165.12,5430418800,50277570814,14.86,0.00691
000300.ZICN,300,中证指数有限公司,沪深300,XSHG,2014/7/1,2165.12,2169.2,2157.13,2171.15,2164.56,5332310000,49936284309,-0.56,-0.00026
000300.ZICN,300,中证指数有限公司,沪深300,XSHG,2014/7/2,2164.56,2164,2155.61,2171.51,2170.87,5968550100,53273658927,6.31,0.00292
000300.ZICN,300,中证指数有限公司,沪深300,XSHG,2014/7/3,2170.87,2169,2164.84,2184.96,2180.19,6369069000,56024939299,9.32,0.00429
000300.ZICN,300,中证指数有限公司,沪深300,XSHG,2014/7/4,2180.19,2180.45,2174.07,2183.8,2178.7,5285110600,47990033413,-1.49,-0.00068
000300.ZICN,300,中证指数有限公司,沪深300,XSHG,2014/7/7,2178.7,2178.55,2171.08,2186.2,2176.29,5024233400,47663876919,-2.41,-0.00111
000300.ZICN,300,中证指数有限公司,沪深300,XSHG,2014/7/8,2176.29,2174.83,2163.36,2180.78,2180.47,5074359900,46017266874,4.18,0.00192
000300.ZICN,300,中证指数有限公司,沪深300,XSHG,2014/7/9,2180.47,2178.14,2148.26,2178.51,2148.71,6202204600,58980248398,-31.76,-0.01457
000300.ZICN,300,中证指数有限公司,沪深300,XSHG,2014/7/10,2148.71,2146.6,2139.52,2151.77,2142.85,5573249700,50931668887,-5.86,-0.00273
000300.ZICN,300,中证指数有限公司,沪深300,XSHG,2014/7/11,2142.85,2136.32,2134.8,2154.74,2148.01,6137427400,51551825645,5.16,0.00241
000300.ZICN,300,中证指数有限公司,沪深300,XSHG,2014/7/14,2148.01,2149.54,2145.28,2171.9,2171.76,6615886300,60467088864,23.75,0.01106
000300.ZICN,300,中证指数有限公司,沪深300,XSHG,2014/7/15,2171.76,2170.09,2165.21,2176.27,2174.98,7181569400,64304875149,3.22,0.00148
000300.ZICN,300,中证指数有限公司,沪深300,XSHG,2014/7/16,2174.98,2172.82,2166.77,2183.25,2170.87,8156023000,61126054498,-4.11,-0.00189
000300.ZICN,300,中证指数有限公司,沪深300,XSHG,2014/7/17,2170.87,2166.83,2147.08,2166.93,2157.07,5945356800,46354646289,-13.8,-0.00636
000300.ZICN,300,中证指数有限公司,沪深300,XSHG,2014/7/18,2157.07,2147.66,2145.45,2176.33,2164.14,6547329500,53758919136,7.07,0.00328
000300.ZICN,300,中证指数有限公司,沪深300,XSHG,2014/7/21,2164.14,2164.22,2158.96,2171.94,2166.3,5417226000,47731629577,2.16,0.001
000300.ZICN,300,中证指数有限公司,沪深300,XSHG,2014/7/22,2166.3,2162.44,2162.24,2197.59,2192.7,7854258300,66806114430,26.4,0.01219
000300.ZICN,300,中证指数有限公司,沪深300,XSHG,2014/7/23,2192.7,2191.39,2190.56,2210.28,2197.83,8421387200,69177998063,5.13,0.00234
000300.ZICN,300,中证指数有限公司,沪深300,XSHG,2014/7/24,2197.83,2199.83,2199.83,2239.82,2237.01,11943553400,99964367602,39.18,0.01783
000300.ZICN,300,中证指数有限公司,沪深300,XSHG,2014/7/25,2237.01,2243.07,2239.07,2260.89,2260.45,9897283800,81994560081,23.44,0.01048
000300.ZICN,300,中证指数有限公司,沪深300,XSHG,2014/7/28,2260.45,2272.38,2272.38,2331.47,2323.9,17986933300,1.45E+11,63.45,0.02807
000300.ZICN,300,中证指数有限公司,沪深300,XSHG,2014/7/29,2323.9,2326.04,2316.22,2342.77,2331.37,13426964100,1.12E+11,7.47,0.00321
000300.ZICN,300,中证指数有限公司,沪深300,XSHG,2014/7/30,2331.37,2324.69,2316.06,2339.04,2322.01,12302283200,1.03E+11,-9.36,-0.00401
000300.ZICN,300,中证指数有限公司,沪深300,XSHG,2014/7/31,2322.01,2321.97,2316.59,2350.55,2350.25,11098776900,93135566963,28.24,0.01216
000300.ZICN,300,中证指数有限公司,沪深300,XSHG,2014/8/1,2350.25,2341.23,2328.97,2371.5,2329.4,12631739000,1.06E+11,-20.85,-0.00887
000300.ZICN,300,中证指数有限公司,沪深300,XSHG,2014/8/4,2329.4,2336.63,2332.14,2375.62,2375.62,11671375400,1.01E+11,46.22,0.01984
000300.ZICN,300,中证指数有限公司,沪深300,XSHG,2014/8/5,2375.62,2376.8,2353.8,2380.77,2369.35,11186178900,97906971246,-6.27,-0.00264
000300.ZICN,300,中证指数有限公司,沪深300,XSHG,2014/8/6,2369.35,2358.21,2334.33,2371.67,2363.22,11634182900,96681298733,-6.13,-0.00259
000300.ZICN,300,中证指数有限公司,沪深300,XSHG,2014/8/7,2363.22,2363.61,2326.27,2369.2,2327.46,11672921000,94254453994,-35.76,-0.01513
000300.ZICN,300,中证指数有限公司,沪深300,XSHG,2014/8/8,2327.46,2329.18,2319.29,2339.27,2331.13,8673969400,72605666133,3.67,0.00158
000300.ZICN,300,中证指数有限公司,沪深300,XSHG,2014/8/11,2331.13,2338.01,2337.01,2367,2365.35,9160117100,82973900360,34.22,0.01468
000300.ZICN,300,中证指数有限公司,沪深300,XSHG,2014/8/12,2365.35,2361.17,2344.72,2361.17,2357.05,9182260800,82973769642,-8.3,-0.00351
000300.ZICN,300,中证指数有限公司,沪深300,XSHG,2014/8/13,2357.05,2358.46,2335.69,2370.51,2358.9,11044778900,94185266458,1.85,0.00078
000300.ZICN,300,中证指数有限公司,沪深300,XSHG,2014/8/14,2358.9,2357.2,2334.08,2363.18,2335.95,9796949300,84251435869,-22.95,-0.00973
000300.ZICN,300,中证指数有限公司,沪深300,XSHG,2014/8/15,2335.95,2337.99,2333.12,2366.9,2360.64,9359254600,81888217001,24.69,0.01057
000300.ZICN,300,中证指数有限公司,沪深300,XSHG,2014/8/18,2360.64,2366.27,2361.2,2379.8,2374.56,10450955400,90148909855,13.92,0.0059
000300.ZICN,300,中证指数有限公司,沪深300,XSHG,2014/8/19,2374.56,2378.89,2358.97,2379.47,2374.77,11585002000,1.03E+11,0.21,9.00E-05
000300.ZICN,300,中证指数有限公司,沪深300,XSHG,2014/8/20,2374.77,2371.65,2360.84,2375.48,2366.14,10128808800,91374802730,-8.63,-0.00363
000300.ZICN,300,中证指数有限公司,沪深300,XSHG,2014/8/21,2366.14,2365.73,2333.3,2367.46,2354.24,10069021100,92192063269,-11.9,-0.00503
000300.ZICN,300,中证指数有限公司,沪深300,XSHG,2014/8/22,2354.24,2352.32,2350.99,2368.46,2365.36,8982393800,85642463757,11.12,0.00472
000300.ZICN,300,中证指数有限公司,沪深300,XSHG,2014/8/25,2365.36,2367.02,2338.46,2367.61,2342.86,9737371700,85182493960,-22.5,-0.00951
000300.ZICN,300,中证指数有限公司,沪深300,XSHG,2014/8/26,2342.86,2339.6,2317.18,2350.39,2324.09,9384422200,83135033150,-18.77,-0.00801
000300.ZICN,300,中证指数有限公司,沪深300,XSHG,2014/8/27,2324.09,2323.79,2322.89,2336.74,2327.6,6767622100,62448675179,3.51,0.00151
000300.ZICN,300,中证指数有限公司,沪深300,XSHG,2014/8/28,2327.6,2328.06,2309.64,2336.36,2311.28,7049065500,66195966855,-16.32,-0.00701
000300.ZICN,300,中证指数有限公司,沪深300,XSHG,2014/8/29,2311.28,2317.3,2313.26,2338.77,2338.29,6321142300,58359967752,27.01,0.01169
000300.ZICN,300,中证指数有限公司,沪深300,XSHG,2014/9/1,2338.29,2340.93,2338.53,2355.55,2355.32,7732087000,73362240553,17.03,0.00728
000300.ZICN,300,中证指数有限公司,沪深300,XSHG,2014/9/2,2355.32,2359.86,2349.95,2387.66,2386.46,11443673300,1.07E+11,31.14,0.01322
000300.ZICN,300,中证指数有限公司,沪深300,XSHG,2014/9/3,2386.46,2389.69,2389.68,2414.26,2408.84,12973420400,1.24E+11,22.38,0.00938
000300.ZICN,300,中证指数有限公司,沪深300,XSHG,2014/9/4,2408.84,2411.93,2404.08,2427.3,2426.22,11127229800,1.08E+11,17.38,0.00722
000300.ZICN,300,中证指数有限公司,沪深300,XSHG,2014/9/5,2426.22,2433.17,2427.99,2450.63,2449.26,13355176400,1.23E+11,23.04,0.0095
000300.ZICN,300,中证指数有限公司,沪深300,XSHG,2014/9/9,2449.26,2452.23,2437.08,2454.89,2445.22,11819434400,1.08E+11,-4.04,-0.00165
000300.ZICN,300,中证指数有限公司,沪深300,XSHG,2014/9/10,2445.22,2435.59,2422.65,2437.08,2432.43,10917551700,97472682969,-12.79,-0.00523
000300.ZICN,300,中证指数有限公司,沪深300,XSHG,2014/9/11,2432.43,2430.68,2417.27,2461.47,2423.45,13298258300,1.27E+11,-8.98,-0.00369
000300.ZICN,300,中证指数有限公司,沪深300,XSHG,2014/9/12,2423.45,2418.75,2412.62,2438.36,2438.36,10916017000,96625765409,14.91,0.00615
000300.ZICN,300,中证指数有限公司,沪深300,XSHG,2014/9/15,2438.36,2433,2418.96,2439.25,2437.19,12224715900,1.13E+11,-1.17,-0.00048
000300.ZICN,300,中证指数有限公司,沪深300,XSHG,2014/9/16,2437.19,2440.34,2386.98,2442.92,2388.76,18674279100,1.47E+11,-48.43,-0.01987
000300.ZICN,300,中证指数有限公司,沪深300,XSHG,2014/9/17,2388.76,2395.36,2379.09,2405.37,2401.33,12526902800,98039470145,12.57,0.00526
000300.ZICN,300,中证指数有限公司,沪深300,XSHG,2014/9/18,2401.33,2396.38,2389.62,2414.95,2408.66,11592637600,92105332013,7.33,0.00305
000300.ZICN,300,中证指数有限公司,沪深300,XSHG,2014/9/19,2408.66,2409.31,2402.31,2430.15,2425.21,10181357700,88221038707,16.55,0.00687
000300.ZICN,300,中证指数有限公司,沪深300,XSHG,2014/9/22,2425.21,2419.33,2374.11,2419.33,2378.92,10224087000,88958056522,-46.29,-0.01909
000300.ZICN,300,中证指数有限公司,沪深300,XSHG,2014/9/23,2378.92,2379.52,2379.52,2402.48,2399.46,8403334100,75463683722,20.54,0.00863
000300.ZICN,300,中证指数有限公司,沪深300,XSHG,2014/9/24,2399.46,2391.42,2387.07,2443.98,2441.86,14271353000,1.20E+11,42.4,0.01767
000300.ZICN,300,中证指数有限公司,沪深300,XSHG,2014/9/25,2441.86,2453.42,2429.59,2462.67,2436.97,13866189100,1.20E+11,-4.89,-0.002
000300.ZICN,300,中证指数有限公司,沪深300,XSHG,2014/9/26,2436.97,2430.81,2420.5,2439.65,2437.2,10029949400,87757377938,0.23,9.00E-05
000300.ZICN,300,中证指数有限公司,沪深300,XSHG,2014/9/29,2437.2,2443.91,2435.61,2453.67,2447.8,12340172700,1.11E+11,10.6,0.00435
000300.ZICN,300,中证指数有限公司,沪深300,XSHG,2014/9/30,2447.8,2452.17,2444.2,2454.89,2450.99,11580422900,1.02E+11,3.19,0.0013
000300.ZICN,300,中证指数有限公司,沪深300,XSHG,2014/10/8,2450.99,2460.87,2445.27,2478.38,2478.38,12195360400,1.17E+11,27.39,0.01118
000300.ZICN,300,中证指数有限公司,沪深300,XSHG,2014/10/9,2478.38,2480.2,2461.11,2488.11,2481.96,13792392000,1.21E+11,3.58,0.00144
000300.ZICN,300,中证指数有限公司,沪深300,XSHG,2014/10/10,2481.96,2472.1,2457.68,2482.14,2466.79,14763430700,1.22E+11,-15.17,-0.00611
000300.ZICN,300,中证指数有限公司,沪深300,XSHG,2014/10/13,2466.79,2457.41,2430.55,2460.39,2454.95,13159336200,1.13E+11,-11.84,-0.0048
000300.ZICN,300,中证指数有限公司,沪深300,XSHG,2014/10/14,2454.95,2451.09,2436.34,2467.9,2446.56,12739370500,1.06E+11,-8.39,-0.00342
000300.ZICN,300,中证指数有限公司,沪深300,XSHG,2014/10/15,2446.56,2444.54,2431.19,2465.5,2463.87,13580188200,1.15E+11,17.31,0.00708
000300.ZICN,300,中证指数有限公司,沪深300,XSHG,2014/10/16,2463.87,2448.97,2441.82,2480.3,2444.4,15816660300,1.28E+11,-19.47,-0.0079
000300.ZICN,300,中证指数有限公司,沪深300,XSHG,2014/10/17,2444.4,2443.22,2410.4,2456.11,2441.73,13275998800,1.13E+11,-2.67,-0.00109
000300.ZICN,300,中证指数有限公司,沪深300,XSHG,2014/10/20,2441.73,2448.45,2441.9,2456.62,2454.71,9143540100,84843604900,12.98,0.00532
000300.ZICN,300,中证指数有限公司,沪深300,XSHG,2014/10/21,2454.71,2453.41,2432.55,2459.25,2433.39,9624191200,86622201933,-21.32,-0.00869
000300.ZICN,300,中证指数有限公司,沪深300,XSHG,2014/10/22,2433.39,2434.89,2417.56,2447.47,2418.64,8865619300,82251744245,-14.75,-0.00606
000300.ZICN,300,中证指数有限公司,沪深300,XSHG,2014/10/23,2418.64,2415.44,2392.53,2424.66,2395.94,10349183900,86045452830,-22.7,-0.00939
000300.ZICN,300,中证指数有限公司,沪深300,XSHG,2014/10/24,2395.94,2397.85,2385.73,2404.99,2390.71,7497486900,65601225156,-5.23,-0.00218
000300.ZICN,300,中证指数有限公司,沪深300,XSHG,2014/10/27,2390.71,2377.54,2361.68,2377.54,2368.83,7386244700,65956480803,-21.88,-0.00915
000300.ZICN,300,中证指数有限公司,沪深300,XSHG,2014/10/28,2368.83,2373.16,2373.16,2416.77,2416.65,10152305500,90529903107,47.82,0.02019
000300.ZICN,300,中证指数有限公司,沪深300,XSHG,2014/10/29,2416.65,2423.81,2415.7,2461.27,2451.38,15858406200,1.35E+11,34.73,0.01437
000300.ZICN,300,中证指数有限公司,沪深300,XSHG,2014/10/30,2451.38,2450.36,2443.76,2474.38,2468.93,18962635300,1.39E+11,17.55,0.00716
000300.ZICN,300,中证指数有限公司,沪深300,XSHG,2014/10/31,2468.93,2473.5,2466.5,2512.19,2508.33,23917241200,1.82E+11,39.4,0.01596
000300.ZICN,300,中证指数有限公司,沪深300,XSHG,2014/11/3,2508.33,2515.82,2502.06,2524.17,2512.55,20580122800,1.51E+11,4.22,0.00168
000300.ZICN,300,中证指数有限公司,沪深300,XSHG,2014/11/4,2512.55,2511.04,2498.61,2517.46,2513.17,21824700500,1.55E+11,0.62,0.00025
000300.ZICN,300,中证指数有限公司,沪深300,XSHG,2014/11/5,2513.17,2516.87,2499.23,2519.4,2503.45,19049186200,1.46E+11,-9.72,-0.00387
000300.ZICN,300,中证指数有限公司,沪深300,XSHG,2014/11/6,2503.45,2505.17,2482.98,2510.99,2506.07,14965111700,1.19E+11,2.62,0.00105
000300.ZICN,300,中证指数有限公司,沪深300,XSHG,2014/11/7,2506.07,2508.76,2489.42,2541.55,2502.15,20876091100,1.77E+11,-3.92,-0.00156
000300.ZICN,300,中证指数有限公司,沪深300,XSHG,2014/11/10,2502.15,2529.83,2514.71,2565.73,2565.73,22659973500,1.88E+11,63.58,0.02541
000300.ZICN,300,中证指数有限公司,沪深300,XSHG,2014/11/11,2565.73,2578.44,2532.57,2602.37,2558.61,32371165600,2.66E+11,-7.12,-0.00278
000300.ZICN,300,中证指数有限公司,沪深300,XSHG,2014/11/12,2558.61,2545.4,2539.6,2594.32,2594.32,18468626100,1.58E+11,35.71,0.01396
000300.ZICN,300,中证指数有限公司,沪深300,XSHG,2014/11/13,2594.32,2597.39,2567.46,2607.52,2579.75,21981561500,1.93E+11,-14.57,-0.00562
000300.ZICN,300,中证指数有限公司,沪深300,XSHG,2014/11/14,2579.75,2569.21,2557.67,2581.93,2581.09,16504996500,1.45E+11,1.34,0.00052
000300.ZICN,300,中证指数有限公司,沪深300,XSHG,2014/11/17,2581.09,2613.51,2565.94,2614.09,2567.1,15847809500,1.48E+11,-13.99,-0.00542
000300.ZICN,300,中证指数有限公司,沪深300,XSHG,2014/11/18,2567.1,2565.27,2534.93,2570.21,2541.42,14294135600,1.24E+11,-25.68,-0.01
000300.ZICN,300,中证指数有限公司,沪深300,XSHG,2014/11/19,2541.42,2538.23,2531.32,2550.5,2537.22,12214697400,1.13E+11,-4.2,-0.00165
000300.ZICN,300,中证指数有限公司,沪深300,XSHG,2014/11/20,2537.22,2528.78,2522.84,2545.47,2537.1,10614986400,98145538650,-0.12,-5.00E-05
000300.ZICN,300,中证指数有限公司,沪深300,XSHG,2014/11/21,2537.1,2537.54,2530.03,2585.36,2583.46,15102813900,1.44E+11,46.36,0.01827
000300.ZICN,300,中证指数有限公司,沪深300,XSHG,2014/11/24,2583.46,2614.16,2602.94,2667.67,2649.26,27983972000,2.65E+11,65.8,0.02547
000300.ZICN,300,中证指数有限公司,沪深300,XSHG,2014/11/25,2649.26,2650.09,2643.84,2686.06,2685.56,22261169900,2.07E+11,36.3,0.0137
000300.ZICN,300,中证指数有限公司,沪深300,XSHG,2014/11/26,2685.56,2695.26,2690.31,2723.36,2723.02,24396248500,2.39E+11,37.46,0.01395
000300.ZICN,300,中证指数有限公司,沪深300,XSHG,2014/11/27,2723.02,2737.03,2718.7,2754.49,2754.49,26546473000,2.61E+11,31.47,0.01156
000300.ZICN,300,中证指数有限公司,沪深300,XSHG,2014/11/28,2754.49,2753.93,2740.37,2809.54,2808.82,37532366200,3.30E+11,54.33,0.01972
000300.ZICN,300,中证指数有限公司,沪深300,XSHG,2014/12/1,2808.82,2825.61,2808.65,2855.33,2819.81,36548741700,3.39E+11,10.99,0.00391
000300.ZICN,300,中证指数有限公司,沪深300,XSHG,2014/12/2,2819.81,2807.34,2804.29,2944.51,2923.94,36146532200,3.41E+11,104.13,0.03693
000300.ZICN,300,中证指数有限公司,沪深300,XSHG,2014/12/3,2923.94,2936.12,2912.25,3028.23,2967.55,46615668500,4.65E+11,43.61,0.01491
000300.ZICN,300,中证指数有限公司,沪深300,XSHG,2014/12/4,2967.55,2975.4,2968.88,3104.89,3104.35,42681292800,4.34E+11,136.8,0.0461
000300.ZICN,300,中证指数有限公司,沪深300,XSHG,2014/12/5,3104.35,3143.97,3011.94,3195.8,3124.89,52488126000,5.54E+11,20.54,0.00662
000300.ZICN,300,中证指数有限公司,沪深300,XSHG,2014/12/8,3124.89,3108.27,3075.7,3270.88,3252.88,48446234400,5.16E+11,127.99,0.04096
000300.ZICN,300,中证指数有限公司,沪深300,XSHG,2014/12/9,3252.88,3233.1,3074.52,3387.83,3106.91,63287456700,7.02E+11,-145.97,-0.04487
000300.ZICN,300,中证指数有限公司,沪深300,XSHG,2014/12/10,3106.91,3120.21,3058.19,3229.05,3221.55,42501870800,4.77E+11,114.64,0.0369
000300.ZICN,300,中证指数有限公司,沪深300,XSHG,2014/12/11,3221.55,3185.16,3158.44,3254.42,3183.01,36709169100,3.93E+11,-38.54,-0.01196
000300.ZICN,300,中证指数有限公司,沪深300,XSHG,2014/12/12,3183.01,3182.92,3167.93,3239.45,3193.23,30106532500,3.38E+11,10.22,0.00321
000300.ZICN,300,中证指数有限公司,沪深300,XSHG,2014/12/15,3193.23,3176.83,3143.3,3226.22,3217.23,29019383400,3.27E+11,24,0.00752
000300.ZICN,300,中证指数有限公司,沪深300,XSHG,2014/12/16,3217.23,3221.36,3207.69,3303.4,3303.4,35812384700,4.26E+11,86.17,0.02678
000300.ZICN,300,中证指数有限公司,沪深300,XSHG,2014/12/17,3303.4,3325.82,3275.74,3368.19,3360.6,44814077000,5.28E+11,57.2,0.01732
000300.ZICN,300,中证指数有限公司,沪深300,XSHG,2014/12/18,3360.6,3359.09,3322.23,3393.71,3345.93,35597020700,4.16E+11,-14.67,-0.00437
000300.ZICN,300,中证指数有限公司,沪深300,XSHG,2014/12/19,3345.93,3345.63,3280.92,3397.18,3383.17,41121159000,4.36E+11,37.24,0.01113
000300.ZICN,300,中证指数有限公司,沪深300,XSHG,2014/12/22,3383.17,3396.25,3357.66,3455.21,3394.48,54980167100,5.37E+11,11.31,0.00334
000300.ZICN,300,中证指数有限公司,沪深300,XSHG,2014/12/23,3394.48,3358.8,3316.91,3431.78,3324.92,36973609300,3.77E+11,-69.56,-0.02049
000300.ZICN,300,中证指数有限公司,沪深300,XSHG,2014/12/24,3324.92,3332.15,3188.5,3340.36,3230.39,31744958700,3.39E+11,-94.53,-0.02843
000300.ZICN,300,中证指数有限公司,沪深300,XSHG,2014/12/25,3230.39,3254.48,3226.32,3335.78,3335.42,30979954700,3.30E+11,105.03,0.03251
000300.ZICN,300,中证指数有限公司,沪深300,XSHG,2014/12/26,3335.42,3343.64,3335.01,3453.34,3445.84,38461412400,4.39E+11,110.42,0.03311
000300.ZICN,300,中证指数有限公司,沪深300,XSHG,2014/12/29,3445.84,3502.18,3405.84,3524.28,3455.46,42501503700,5.05E+11,9.62,0.00279
000300.ZICN,300,中证指数有限公司,沪深300,XSHG,2014/12/30,3455.46,3450.81,3422.17,3491.83,3457.55,32823387300,3.95E+11,2.09,0.0006
000300.ZICN,300,中证指数有限公司,沪深300,XSHG,2014/12/31,3457.55,3462.39,3452.5,3542.34,3533.71,34593476000,4.04E+11,76.16,0.02203
000300.ZICN,300,中证指数有限公司,沪深300,XSHG,2015/1/5,3533.71,3566.09,3551.51,3669.04,3641.54,45119809800,5.20E+11,107.83,0.03051
000300.ZICN,300,中证指数有限公司,沪深300,XSHG,2015/1/6,3641.54,3608.43,3587.23,3683.23,3641.06,42096218500,4.99E+11,-0.48,-0.00013
000300.ZICN,300,中证指数有限公司,沪深300,XSHG,2015/1/7,3641.06,3620.92,3601.7,3671.19,3643.79,32019123200,3.99E+11,2.73,0.00075
000300.ZICN,300,中证指数有限公司,沪深300,XSHG,2015/1/8,3643.79,3650.07,3552.1,3659.95,3559.26,29500304500,3.56E+11,-84.53,-0.0232
000300.ZICN,300,中证指数有限公司,沪深300,XSHG,2015/1/9,3559.26,3547.57,3536.4,3689.75,3546.72,34998267200,4.30E+11,-12.54,-0.00352
000300.ZICN,300,中证指数有限公司,沪深300,XSHG,2015/1/12,3546.72,3531.52,3461.32,3560.53,3513.58,26656717500,3.34E+11,-33.14,-0.00934
000300.ZICN,300,中证指数有限公司,沪深300,XSHG,2015/1/13,3513.58,3506.45,3494.77,3550.16,3514.04,18715396500,2.51E+11,0.46,0.00013
000300.ZICN,300,中证指数有限公司,沪深300,XSHG,2015/1/14,3514.04,3522.91,3471.56,3547.24,3502.42,19601251000,2.41E+11,-11.62,-0.00331
000300.ZICN,300,中证指数有限公司,沪深300,XSHG,2015/1/15,3502.42,3501.72,3482.27,3604.12,3604.12,23781233800,3.03E+11,101.7,0.02904
000300.ZICN,300,中证指数有限公司,沪深300,XSHG,2015/1/16,3604.12,3616.25,3601.26,3662.16,3635.15,28268161400,3.56E+11,31.03,0.00861
000300.ZICN,300,中证指数有限公司,沪深300,XSHG,2015/1/19,3635.15,3414.01,3330.98,3497.25,3355.16,32950527500,3.66E+11,-279.99,-0.07702
000300.ZICN,300,中证指数有限公司,沪深300,XSHG,2015/1/20,3355.16,3336.79,3325.68,3419.2,3396.22,29784323200,3.82E+11,41.06,0.01224
000300.ZICN,300,中证指数有限公司,沪深300,XSHG,2015/1/21,3396.22,3420.49,3409.43,3557.79,3548.89,33792821000,4.25E+11,152.67,0.04495
000300.ZICN,300,中证指数有限公司,沪深300,XSHG,2015/1/22,3548.89,3551.05,3520.05,3576.76,3567.61,26885359900,3.45E+11,18.72,0.00527
000300.ZICN,300,中证指数有限公司,沪深300,XSHG,2015/1/23,3567.61,3582.09,3548.63,3627.81,3571.73,28017217200,3.62E+11,4.12,0.00115
000300.ZICN,300,中证指数有限公司,沪深300,XSHG,2015/1/26,3571.73,3580.12,3559.38,3611.62,3607.99,23976620300,3.10E+11,36.26,0.01015
000300.ZICN,300,中证指数有限公司,沪深300,XSHG,2015/1/27,3607.99,3614.04,3510.02,3616.26,3574.93,28766917900,3.58E+11,-33.06,-0.00916
000300.ZICN,300,中证指数有限公司,沪深300,XSHG,2015/1/28,3574.93,3547.24,3512.39,3583.31,3525.32,21622021400,2.79E+11,-49.61,-0.01388
000300.ZICN,300,中证指数有限公司,沪深300,XSHG,2015/1/29,3525.32,3474.92,3453.9,3505.58,3481.8,21161886000,2.52E+11,-43.52,-0.01234
000300.ZICN,300,中证指数有限公司,沪深300,XSHG,2015/1/30,3481.8,3496.89,3431.94,3514.22,3434.39,19647915700,2.37E+11,-47.41,-0.01362
000300.ZICN,300,中证指数有限公司,沪深300,XSHG,2015/2/2,3434.39,3360.19,3347.09,3407.26,3353.96,19518369900,2.25E+11,-80.43,-0.02342
000300.ZICN,300,中证指数有限公司,沪深300,XSHG,2015/2/3,3353.96,3388.6,3360.72,3441.71,3437.45,19284609600,2.41E+11,83.49,0.02489
000300.ZICN,300,中证指数有限公司,沪深300,XSHG,2015/2/4,3437.45,3446.14,3399.57,3476.82,3401.77,19130434900,2.44E+11,-35.68,-0.01038
000300.ZICN,300,中证指数有限公司,沪深300,XSHG,2015/2/5,3401.77,3487.95,3366.86,3487.95,3366.95,25043060900,3.12E+11,-34.82,-0.01024
000300.ZICN,300,中证指数有限公司,沪深300,XSHG,2015/2/6,3366.95,3352.33,3285.94,3374.05,3312.42,19266418600,2.21E+11,-54.53,-0.0162
000300.ZICN,300,中证指数有限公司,沪深300,XSHG,2015/2/9,3312.42,3305.73,3298.6,3376.53,3345.92,17235382000,2.21E+11,33.5,0.01011
000300.ZICN,300,中证指数有限公司,沪深300,XSHG,2015/2/10,3345.92,3345.08,3339.55,3407.18,3406.94,15930908800,1.99E+11,61.02,0.01824
000300.ZICN,300,中证指数有限公司,沪深300,XSHG,2015/2/11,3406.94,3415.98,3412.14,3445.66,3434.12,14461377200,1.86E+11,27.18,0.00798
000300.ZICN,300,中证指数有限公司,沪深300,XSHG,2015/2/12,3434.12,3435.36,3405.63,3453.58,3442.87,15608169100,1.91E+11,8.75,0.00255
000300.ZICN,300,中证指数有限公司,沪深300,XSHG,2015/2/13,3442.87,3458.83,3452.08,3509.51,3469.83,20108997100,2.47E+11,26.96,0.00783
000300.ZICN,300,中证指数有限公司,沪深300,XSHG,2015/2/16,3469.83,3473.29,3466.61,3504.48,3499.48,16564134300,2.23E+11,29.65,0.00855
000300.ZICN,300,中证指数有限公司,沪深300,XSHG,2015/2/17,3499.48,3511.54,3511.09,3536.82,3522.32,16532831300,2.14E+11,22.84,0.00653
000300.ZICN,300,中证指数有限公司,沪深300,XSHG,2015/2/25,3522.32,3529.55,3463.96,3529.55,3478.73,16553935100,2.12E+11,-43.59,-0.01238
000300.ZICN,300,中证指数有限公司,沪深300,XSHG,2015/2/26,3478.73,3473.71,3456.87,3569.33,3566.3,22932843800,2.80E+11,87.57,0.02517
000300.ZICN,300,中证指数有限公司,沪深300,XSHG,2015/2/27,3566.3,3565.23,3560.46,3594.81,3572.84,22278643800,2.72E+11,6.54,0.00183
000300.ZICN,300,中证指数有限公司,沪深300,XSHG,2015/3/2,3572.84,3603.45,3566.53,3608.69,3601.27,24817612500,3.25E+11,28.43,0.00796
000300.ZICN,300,中证指数有限公司,沪深300,XSHG,2015/3/3,3601.27,3579.32,3504.2,3579.32,3507.9,26186648900,3.36E+11,-93.37,-0.02593
000300.ZICN,300,中证指数有限公司,沪深300,XSHG,2015/3/4,3507.9,3514.67,3497.17,3540.91,3530.82,19966398100,2.57E+11,22.92,0.00653
000300.ZICN,300,中证指数有限公司,沪深300,XSHG,2015/3/5,3530.82,3513.25,3467.68,3517.08,3496.34,21750880500,2.79E+11,-34.48,-0.00977
000300.ZICN,300,中证指数有限公司,沪深300,XSHG,2015/3/6,3496.34,3501.18,3472.39,3516.24,3478.52,18151805400,2.33E+11,-17.82,-0.0051
000300.ZICN,300,中证指数有限公司,沪深300,XSHG,2015/3/9,3478.52,3449.7,3417.49,3546.71,3537.75,23394041100,2.78E+11,59.23,0.01703
000300.ZICN,300,中证指数有限公司,沪深300,XSHG,2015/3/10,3537.75,3523.64,3511.99,3551.21,3520.61,19426765700,2.45E+11,-17.14,-0.00484
000300.ZICN,300,中证指数有限公司,沪深300,XSHG,2015/3/11,3520.61,3524.58,3512.22,3568.92,3524.65,18894782500,2.36E+11,4.04,0.00115
000300.ZICN,300,中证指数有限公司,沪深300,XSHG,2015/3/12,3524.65,3557.69,3536.53,3603.34,3592.84,26566462500,3.22E+11,68.19,0.01935
000300.ZICN,300,中证指数有限公司,沪深300,XSHG,2015/3/13,3592.84,3604.67,3594.74,3641.39,3617.66,24686476800,2.97E+11,24.82,0.00691
000300.ZICN,300,中证指数有限公司,沪深300,XSHG,2015/3/16,3617.66,3641.77,3621.12,3705.74,3705.67,27543830700,3.58E+11,88.01,0.02433
000300.ZICN,300,中证指数有限公司,沪深300,XSHG,2015/3/17,3705.67,3733.96,3716.81,3762.58,3757.12,37162566600,4.55E+11,51.45,0.01388
000300.ZICN,300,中证指数有限公司,沪深300,XSHG,2015/3/18,3757.12,3769.09,3763.85,3846.06,3846.06,41519001100,4.84E+11,88.94,0.02367
000300.ZICN,300,中证指数有限公司,沪深300,XSHG,2015/3/19,3846.06,3851.25,3809.71,3859.13,3839.74,39154763000,4.63E+11,-6.32,-0.00164
000300.ZICN,300,中证指数有限公司,沪深300,XSHG,2015/3/20,3839.74,3852.49,3832.42,3916.86,3892.57,40181755200,5.44E+11,52.83,0.01376
000300.ZICN,300,中证指数有限公司,沪深300,XSHG,2015/3/23,3892.57,3923.08,3922.21,3972.3,3972.06,39111992200,5.20E+11,79.49,0.02042
000300.ZICN,300,中证指数有限公司,沪深300,XSHG,2015/3/24,3972.06,3980.07,3883.78,3989.86,3973.05,46858131200,5.91E+11,0.99,0.00025
000300.ZICN,300,中证指数有限公司,沪深300,XSHG,2015/3/25,3973.05,3961.58,3913.99,3980.72,3940.41,37996885100,5.02E+11,-32.64,-0.00822
000300.ZICN,300,中证指数有限公司,沪深300,XSHG,2015/3/26,3940.41,3921.75,3892.88,3992,3950,34675631500,4.69E+11,9.59,0.00243
000300.ZICN,300,中证指数有限公司,沪深300,XSHG,2015/3/27,3950,3957.54,3932.87,3993.03,3971.7,29875606400,3.93E+11,21.7,0.00549
000300.ZICN,300,中证指数有限公司,沪深300,XSHG,2015/3/30,3971.7,3999.02,3999.02,4101.65,4088.18,42829702000,5.46E+11,116.48,0.02933
000300.ZICN,300,中证指数有限公司,沪深300,XSHG,2015/3/31,4088.18,4138.88,4037.77,4166.02,4051.2,43606563500,5.98E+11,-36.98,-0.00905
000300.ZICN,300,中证指数有限公司,沪深300,XSHG,2015/4/1,4051.2,4057.5,4046.94,4139.5,4123.9,32951285300,4.67E+11,72.7,0.01795
000300.ZICN,300,中证指数有限公司,沪深300,XSHG,2015/4/2,4123.9,4149.95,4068.65,4156.84,4124.78,33907048700,4.77E+11,0.88,0.00021
000300.ZICN,300,中证指数有限公司,沪深300,XSHG,2015/4/3,4124.78,4104.67,4092.38,4170.56,4170.54,32130376600,4.67E+11,45.76,0.01109
000300.ZICN,300,中证指数有限公司,沪深300,XSHG,2015/4/7,4170.54,4213.89,4197.02,4260.47,4260.04,41536265400,5.65E+11,89.5,0.02146
000300.ZICN,300,中证指数有限公司,沪深300,XSHG,2015/4/8,4260.04,4277.45,4204.83,4304.78,4295.8,45867671500,6.58E+11,35.76,0.00839
000300.ZICN,300,中证指数有限公司,沪深300,XSHG,2015/4/9,4295.8,4316.96,4212.61,4332.17,4262.14,43969990200,6.50E+11,-33.66,-0.00784
000300.ZICN,300,中证指数有限公司,沪深300,XSHG,2015/4/10,4262.14,4249.38,4231.2,4351.69,4344.42,34819017000,5.09E+11,82.28,0.0193
000300.ZICN,300,中证指数有限公司,沪深300,XSHG,2015/4/13,4344.42,4394.05,4361.59,4432.02,4421.07,43415303600,5.99E+11,76.65,0.01764
000300.ZICN,300,中证指数有限公司,沪深300,XSHG,2015/4/14,4421.07,4432.13,4385.91,4474.35,4438.18,43443212600,6.02E+11,17.11,0.00387
000300.ZICN,300,中证指数有限公司,沪深300,XSHG,2015/4/15,4438.18,4439.31,4379.61,4476,4380.51,47215413100,5.97E+11,-57.67,-0.01299
000300.ZICN,300,中证指数有限公司,沪深300,XSHG,2015/4/16,4380.51,4355.49,4335.63,4513.77,4513.55,42260374800,5.65E+11,133.04,0.03037
000300.ZICN,300,中证指数有限公司,沪深300,XSHG,2015/4/17,4513.55,4578.68,4553.9,4630.27,4596.14,55280266300,7.34E+11,82.59,0.0183
000300.ZICN,300,中证指数有限公司,沪深300,XSHG,2015/4/20,4596.14,4615.03,4492.6,4671.17,4521.92,68643907500,9.39E+11,-74.22,-0.01615
000300.ZICN,300,中证指数有限公司,沪深300,XSHG,2015/4/21,4521.92,4520.46,4504.56,4620.06,4619.16,49031499100,6.85E+11,97.24,0.0215
000300.ZICN,300,中证指数有限公司,沪深300,XSHG,2015/4/22,4619.16,4637.06,4632.59,4740.93,4739.81,51621379200,7.70E+11,120.65,0.02612
000300.ZICN,300,中证指数有限公司,沪深300,XSHG,2015/4/23,4739.81,4764.48,4693.97,4782.04,4740.89,49743095400,7.52E+11,1.08,0.00023
000300.ZICN,300,中证指数有限公司,沪深300,XSHG,2015/4/24,4740.89,4682.63,4618.32,4730.43,4702.64,48015293600,7.21E+11,-38.25,-0.00807
000300.ZICN,300,中证指数有限公司,沪深300,XSHG,2015/4/27,4702.64,4753.87,4735.31,4810.49,4807.59,51307654800,7.66E+11,104.95,0.02232
000300.ZICN,300,中证指数有限公司,沪深300,XSHG,2015/4/28,4807.59,4811.32,4703.57,4839.08,4741.86,60863854500,8.60E+11,-65.73,-0.01367
000300.ZICN,300,中证指数有限公司,沪深300,XSHG,2015/4/29,4741.86,4722.9,4695.79,4797.93,4774.33,39505698000,6.02E+11,32.47,0.00685
000300.ZICN,300,中证指数有限公司,沪深300,XSHG,2015/4/30,4774.33,4788.41,4749.49,4818.73,4749.89,39972744400,6.13E+11,-24.44,-0.00512
000300.ZICN,300,中证指数有限公司,沪深300,XSHG,2015/5/4,4749.89,4757.64,4699.4,4795.92,4787.74,37784385300,5.65E+11,37.85,0.00797
000300.ZICN,300,中证指数有限公司,沪深300,XSHG,2015/5/5,4787.74,4785.19,4572.98,4785.19,4596.84,46041962600,6.60E+11,-190.9,-0.03987
000300.ZICN,300,中证指数有限公司,沪深300,XSHG,2015/5/6,4596.84,4626.23,4511.76,4700.91,4553.33,37607370200,5.86E+11,-43.51,-0.00947
000300.ZICN,300,中证指数有限公司,沪深300,XSHG,2015/5/7,4553.33,4520.82,4467.46,4546.34,4470.09,29775920300,4.27E+11,-83.24,-0.01828
000300.ZICN,300,中证指数有限公司,沪深300,XSHG,2015/5/8,4470.09,4515.55,4445.59,4559.06,4558.4,30240796700,4.52E+11,88.31,0.01976
000300.ZICN,300,中证指数有限公司,沪深300,XSHG,2015/5/11,4558.4,4582.09,4535.15,4690.95,4690.53,37383842000,5.83E+11,132.13,0.02899
000300.ZICN,300,中证指数有限公司,沪深300,XSHG,2015/5/12,4690.53,4692.12,4660.02,4748,4747.42,37705389100,6.07E+11,56.89,0.01213
000300.ZICN,300,中证指数有限公司,沪深300,XSHG,2015/5/13,4747.42,4746.71,4678.85,4758,4718.44,37073042400,5.90E+11,-28.98,-0.0061
000300.ZICN,300,中证指数有限公司,沪深300,XSHG,2015/5/14,4718.44,4717.96,4670.17,4735.28,4700.78,33772515200,5.13E+11,-17.66,-0.00374
000300.ZICN,300,中证指数有限公司,沪深300,XSHG,2015/5/15,4700.78,4690.76,4592.05,4690.76,4617.47,32843116600,5.07E+11,-83.31,-0.01772
000300.ZICN,300,中证指数有限公司,沪深300,XSHG,2015/5/18,4617.47,4582.06,4565.06,4623.38,4575.14,26918048900,4.34E+11,-42.33,-0.00917
000300.ZICN,300,中证指数有限公司,沪深300,XSHG,2015/5/19,4575.14,4577.64,4577.64,4740.01,4731.22,31478595200,5.24E+11,156.08,0.03411
000300.ZICN,300,中证指数有限公司,沪深300,XSHG,2015/5/20,4731.22,4751.57,4745.21,4843.1,4754.92,36318074800,5.90E+11,23.7,0.00501
000300.ZICN,300,中证指数有限公司,沪深300,XSHG,2015/5/21,4754.92,4768.69,4746.03,4841.62,4840.98,30505453700,5.05E+11,86.06,0.0181
000300.ZICN,300,中证指数有限公司,沪深300,XSHG,2015/5/22,4840.98,4895.92,4870.6,4951.99,4951.34,45584671800,7.19E+11,110.36,0.0228
000300.ZICN,300,中证指数有限公司,沪深300,XSHG,2015/5/25,4951.34,4949.11,4949.11,5099.84,5099.5,46573659000,7.57E+11,148.16,0.02992
000300.ZICN,300,中证指数有限公司,沪深300,XSHG,2015/5/26,5099.5,5140.8,5063.15,5199.3,5198.92,48794935900,8.02E+11,99.42,0.0195
000300.ZICN,300,中证指数有限公司,沪深300,XSHG,2015/5/27,5198.92,5216.17,5126.86,5226.84,5181.43,47079873000,7.78E+11,-17.49,-0.00336
000300.ZICN,300,中证指数有限公司,沪深300,XSHG,2015/5/28,5181.43,5174.1,4831.33,5213.18,4834.01,57182904700,8.73E+11,-347.42,-0.06705
000300.ZICN,300,中证指数有限公司,沪深300,XSHG,2015/5/29,4834.01,4839.53,4665.52,4924.3,4840.83,42787885900,6.36E+11,6.82,0.00141
000300.ZICN,300,中证指数有限公司,沪深300,XSHG,2015/6/1,4840.83,4862.76,4835.77,5079.32,5076.18,41750374100,6.38E+11,235.35,0.04862
000300.ZICN,300,中证指数有限公司,沪深300,XSHG,2015/6/2,5076.18,5091.27,5047.08,5162.56,5161.87,41297319600,6.58E+11,85.69,0.01688
000300.ZICN,300,中证指数有限公司,沪深300,XSHG,2015/6/3,5161.87,5176.6,5059.5,5186.97,5143.59,41425827000,6.72E+11,-18.28,-0.00354
000300.ZICN,300,中证指数有限公司,沪深300,XSHG,2015/6/4,5143.59,5156.01,4863.47,5194.23,5181.42,48276726800,7.35E+11,37.83,0.00735
000300.ZICN,300,中证指数有限公司,沪深300,XSHG,2015/6/5,5181.42,5254.91,5104.18,5288.34,5230.55,54596119600,8.55E+11,49.13,0.00948
000300.ZICN,300,中证指数有限公司,沪深300,XSHG,2015/6/8,5230.55,5259.41,5202.6,5370.61,5353.75,63731323700,9.49E+11,123.2,0.02355
000300.ZICN,300,中证指数有限公司,沪深300,XSHG,2015/6/9,5353.75,5379.47,5251.21,5380.43,5317.46,57042726300,8.71E+11,-36.29,-0.00678
000300.ZICN,300,中证指数有限公司,沪深300,XSHG,2015/6/10,5317.46,5254.3,5209.68,5374.83,5309.11,44216567600,7.12E+11,-8.35,-0.00157
000300.ZICN,300,中证指数有限公司,沪深300,XSHG,2015/6/11,5309.11,5305.14,5248.16,5329.3,5306.59,39233875500,6.61E+11,-2.52,-0.00047
000300.ZICN,300,中证指数有限公司,沪深300,XSHG,2015/6/12,5306.59,5329.28,5283.09,5351.65,5335.12,43013138600,6.94E+11,28.53,0.00538
000300.ZICN,300,中证指数有限公司,沪深300,XSHG,2015/6/15,5335.12,5354.01,5207.31,5362.45,5221.17,47574570300,7.66E+11,-113.95,-0.02136
000300.ZICN,300,中证指数有限公司,沪深300,XSHG,2015/6/16,5221.17,5165.025,5015.265,5204.303,5064.821,41167563800,6.52E+11,-156.349,-0.02995
000300.ZICN,300,中证指数有限公司,沪深300,XSHG,2015/6/17,5064.821,5072.306,4949.293,5158.367,5138.831,39712418700,5.90E+11,74.01,0.01461
000300.ZICN,300,中证指数有限公司,沪深300,XSHG,2015/6/18,5138.831,5107.695,4926.429,5121.218,4930.549,36439581400,5.56E+11,-208.282,-0.04053
000300.ZICN,300,中证指数有限公司,沪深300,XSHG,2015/6/19,4930.549,4847.057,4634.691,4910.45,4637.052,35810474400,5.20E+11,-293.497,-0.05953
000300.ZICN,300,中证指数有限公司,沪深300,XSHG,2015/6/23,4637.052,4641.425,4455.33,4786.955,4786.091,36508794400,5.37E+11,149.039,0.03214
000300.ZICN,300,中证指数有限公司,沪深300,XSHG,2015/6/24,4786.091,4811.595,4744.306,4883.732,4880.126,43463872300,6.15E+11,94.035,0.01965
000300.ZICN,300,中证指数有限公司,沪深300,XSHG,2015/6/25,4880.126,4906.242,4667.224,4919.263,4706.516,44613598200,6.40E+11,-173.61,-0.03557
000300.ZICN,300,中证指数有限公司,沪深300,XSHG,2015/6/26,4706.516,4573.872,4278.675,4650.186,4336.195,44663979000,6.13E+11,-370.321,-0.07868
000300.ZICN,300,中证指数有限公司,沪深300,XSHG,2015/6/29,4336.195,4446.842,4000.926,4451.166,4191.549,52566248200,7.04E+11,-144.646,-0.03336
000300.ZICN,300,中证指数有限公司,沪深300,XSHG,2015/6/30,4191.549,4161.067,4016.013,4475.767,4472.998,52704528000,7.16E+11,281.449,0.06715
000300.ZICN,300,中证指数有限公司,沪深300,XSHG,2015/7/1,4472.998,4408.984,4235.696,4526.127,4253.021,43172141100,6.23E+11,-219.977,-0.04918
000300.ZICN,300,中证指数有限公司,沪深300,XSHG,2015/7/2,4253.021,4287.734,4000.061,4312.19,4107.996,45706219400,5.94E+11,-145.025,-0.0341
000300.ZICN,300,中证指数有限公司,沪深300,XSHG,2015/7/3,4107.996,4017.202,3785.902,4164.629,3885.917,42930085000,5.38E+11,-222.079,-0.05406
000300.ZICN,300,中证指数有限公司,沪深300,XSHG,2015/7/6,3885.917,4218.266,3832.468,4218.266,3998.537,64809453000,7.80E+11,112.62,0.02898
000300.ZICN,300,中证指数有限公司,沪深300,XSHG,2015/7/7,3998.537,3877.854,3743.624,3960.636,3928.003,67938500700,7.96E+11,-70.534,-0.01764
000300.ZICN,300,中证指数有限公司,沪深300,XSHG,2015/7/8,3928.003,3651.06,3612.254,3762.622,3663.038,58146709700,6.40E+11,-264.965,-0.06746
000300.ZICN,300,中证指数有限公司,沪深300,XSHG,2015/7/9,3663.038,3621.68,3537.826,3930.264,3897.626,50387061000,5.65E+11,234.588,0.06404
000300.ZICN,300,中证指数有限公司,沪深300,XSHG,2015/7/10,3897.626,3916.272,3887.551,4179.111,4106.556,50070180200,6.29E+11,208.93,0.0536
000300.ZICN,300,中证指数有限公司,沪深300,XSHG,2015/7/13,4106.556,4132.231,4072.43,4278.161,4211.812,50209218600,6.59E+11,105.256,0.02563
000300.ZICN,300,中证指数有限公司,沪深300,XSHG,2015/7/14,4211.812,4178.63,4062.5,4258.513,4112.149,45442200900,5.98E+11,-99.663,-0.02366
000300.ZICN,300,中证指数有限公司,沪深300,XSHG,2015/7/16,3966.759,3949.639,3856.321,4067.022,3997.356,33053134500,4.10E+11,30.597,0.00771
000300.ZICN,300,中证指数有限公司,沪深300,XSHG,2015/7/17,3997.356,4023.757,4000.231,4190.186,4151.496,33110713100,4.36E+11,154.14,0.03856
000300.ZICN,300,中证指数有限公司,沪深300,XSHG,2015/7/20,4151.496,4157.06,4106.389,4221.693,4160.612,35267347200,4.83E+11,9.116,0.0022
000300.ZICN,300,中证指数有限公司,沪深300,XSHG,2015/7/21,4160.612,4109.761,4081.704,4201.482,4166.006,31837494500,4.32E+11,5.394,0.0013
000300.ZICN,300,中证指数有限公司,沪深300,XSHG,2015/7/22,4166.006,4148.56,4094.712,4187.431,4157.16,31894599700,4.42E+11,-8.846,-0.00212
000300.ZICN,300,中证指数有限公司,沪深300,XSHG,2015/7/23,4157.16,4158.932,4148.824,4262.062,4250.805,35447175900,4.84E+11,93.645,0.02253
000300.ZICN,300,中证指数有限公司,沪深300,XSHG,2015/7/24,4250.805,4255.198,4154.617,4299.65,4176.279,39204537300,5.36E+11,-74.526,-0.01753
000300.ZICN,300,中证指数有限公司,沪深300,XSHG,2015/7/27,4176.279,4097.796,3817.169,4156.313,3818.731,36505451100,4.78E+11,-357.548,-0.08561
000300.ZICN,300,中证指数有限公司,沪深300,XSHG,2015/7/28,3818.731,3690.974,3627.421,3883.446,3811.093,38352721600,4.83E+11,-7.638,-0.002
000300.ZICN,300,中证指数有限公司,沪深300,XSHG,2015/7/29,3811.093,3839.959,3769.189,3934.003,3930.379,27697284500,3.72E+11,119.286,0.0313
000300.ZICN,300,中证指数有限公司,沪深300,XSHG,2015/7/30,3930.379,3915.78,3802.882,3968.534,3815.412,27154866500,3.76E+11,-114.967,-0.02925
000300.ZICN,300,中证指数有限公司,沪深300,XSHG,2015/7/31,3815.412,3777.155,3757.989,3863.624,3816.699,22237676700,2.99E+11,1.287,0.00034
000300.ZICN,300,中证指数有限公司,沪深300,XSHG,2015/8/3,3816.699,3766.072,3742.578,3829.235,3829.235,24580503000,3.10E+11,12.536,0.00328
000300.ZICN,300,中证指数有限公司,沪深300,XSHG,2015/8/4,3829.235,3827.373,3801.028,3948.449,3948.155,22023655600,2.89E+11,118.92,0.03106
000300.ZICN,300,中证指数有限公司,沪深300,XSHG,2015/8/5,3948.155,3937.623,3858.66,3962.277,3866.9,20048426900,2.73E+11,-81.255,-0.02058
000300.ZICN,300,中证指数有限公司,沪深300,XSHG,2015/8/6,3866.9,3802.928,3793.237,3888.693,3831.852,14727869400,1.96E+11,-35.048,-0.00906
000300.ZICN,300,中证指数有限公司,沪深300,XSHG,2015/8/7,3831.852,3866.43,3857.908,3926.649,3906.945,18334915300,2.47E+11,75.093,0.0196
000300.ZICN,300,中证指数有限公司,沪深300,XSHG,2015/8/10,3906.945,3947.472,3932.842,4101.731,4084.365,30678054000,4.02E+11,177.42,0.04541
000300.ZICN,300,中证指数有限公司,沪深300,XSHG,2015/8/11,4084.365,4083.589,4042.004,4110.133,4066.669,32203419100,4.17E+11,-17.696,-0.00433
000300.ZICN,300,中证指数有限公司,沪深300,XSHG,2015/8/12,4066.669,4025.674,4015.355,4078.03,4016.126,25514619600,3.40E+11,-50.543,-0.01243
000300.ZICN,300,中证指数有限公司,沪深300,XSHG,2015/8/13,4016.126,4010.013,3967.821,4075.7,4075.463,24283697900,3.20E+11,59.337,0.01477
000300.ZICN,300,中证指数有限公司,沪深300,XSHG,2015/8/14,4075.463,4097.918,4056.727,4113.159,4073.54,25339299600,3.40E+11,-1.923,-0.00047
000300.ZICN,300,中证指数有限公司,沪深300,XSHG,2015/8/17,4073.54,4058.113,4009.99,4081.772,4077.872,25693963800,3.37E+11,4.332,0.00106
000300.ZICN,300,中证指数有限公司,沪深300,XSHG,2015/8/18,4077.872,4084.311,3816.554,4103.054,3825.412,31988107000,4.25E+11,-252.46,-0.06191
000300.ZICN,300,中证指数有限公司,沪深300,XSHG,2015/8/19,3825.412,3748.266,3668.192,3898.74,3886.136,26904983900,3.41E+11,60.724,0.01587
000300.ZICN,300,中证指数有限公司,沪深300,XSHG,2015/8/20,3886.136,3848.403,3761.454,3880.824,3761.454,21216796500,2.71E+11,-124.682,-0.03208
000300.ZICN,300,中证指数有限公司,沪深300,XSHG,2015/8/21,3761.454,3714.289,3578.175,3757.779,3589.536,21798640300,2.67E+11,-171.918,-0.04571
000300.ZICN,300,中证指数有限公司,沪深300,XSHG,2015/8/24,3589.536,3454.598,3266.55,3468.149,3275.534,25543665200,2.73E+11,-314.002,-0.08748
000300.ZICN,300,中证指数有限公司,沪深300,XSHG,2015/8/25,3275.534,3070.007,3019.556,3200.108,3042.927,27608130600,2.81E+11,-232.607,-0.07101
000300.ZICN,300,中证指数有限公司,沪深300,XSHG,2015/8/26,3042.927,3062.566,2952.008,3192.932,3025.692,30827062300,3.12E+11,-17.235,-0.00566
000300.ZICN,300,中证指数有限公司,沪深300,XSHG,2015/8/27,3025.692,3092.812,3028.398,3206.724,3205.638,26729493000,2.79E+11,179.946,0.05947
000300.ZICN,300,中证指数有限公司,沪深300,XSHG,2015/8/28,3205.638,3246.236,3223.622,3353.244,3342.286,29949842600,3.19E+11,136.648,0.04263
000300.ZICN,300,中证指数有限公司,沪深300,XSHG,2015/8/31,3342.286,3307.396,3205.537,3368.279,3366.536,28025040300,3.07E+11,24.25,0.00726
000300.ZICN,300,中证指数有限公司,沪深300,XSHG,2015/9/1,3366.536,3296.529,3190.578,3370.504,3362.083,35245852800,3.51E+11,-4.453,-0.00132
000300.ZICN,300,中证指数有限公司,沪深300,XSHG,2015/9/7,3365.832,3347.293,3240.243,3422.225,3250.485,20422443100,2.22E+11,-115.347,-0.03427
000300.ZICN,300,中证指数有限公司,沪深300,XSHG,2015/9/8,3250.485,3221.789,3170.807,3340.219,3334.023,15459963100,1.68E+11,83.538,0.0257
000300.ZICN,300,中证指数有限公司,沪深300,XSHG,2015/9/9,3334.023,3344.824,3330.29,3426.651,3399.305,22046742100,2.59E+11,65.282,0.01958
000300.ZICN,300,中证指数有限公司,沪深300,XSHG,2015/9/10,3399.305,3349.281,3337.311,3398.316,3357.561,14488297100,1.68E+11,-41.744,-0.01228
000300.ZICN,300,中证指数有限公司,沪深300,XSHG,2015/9/11,3357.561,3349.877,3315.478,3383.134,3347.188,10854750800,1.30E+11,-10.373,-0.00309
000300.ZICN,300,中证指数有限公司,沪深300,XSHG,2015/9/14,3347.188,3367.642,3187.566,3373.921,3281.132,20545725100,2.26E+11,-66.056,-0.01973
000300.ZICN,300,中证指数有限公司,沪深300,XSHG,2015/9/15,3281.132,3208.744,3131.98,3240.079,3152.232,14355564100,1.46E+11,-128.9,-0.03929
000300.ZICN,300,中证指数有限公司,沪深300,XSHG,2015/9/16,3152.232,3149.158,3131.37,3345.918,3309.248,15970999400,1.68E+11,157.016,0.04981
000300.ZICN,300,中证指数有限公司,沪深300,XSHG,2015/9/17,3309.248,3287.657,3236.999,3354.905,3236.999,16940188100,1.90E+11,-72.249,-0.02183
000300.ZICN,300,中证指数有限公司,沪深300,XSHG,2015/9/18,3236.999,3254.443,3227.834,3280.877,3251.273,10690348100,1.22E+11,14.274,0.00441
000300.ZICN,300,中证指数有限公司,沪深300,XSHG,2015/9/21,3251.273,3222.603,3211.934,3312.55,3308.247,12278866800,1.45E+11,56.974,0.01752
000300.ZICN,300,中证指数有限公司,沪深300,XSHG,2015/9/22,3308.247,3312.366,3303.184,3371.414,3339.03,14622198500,1.72E+11,30.783,0.0093
000300.ZICN,300,中证指数有限公司,沪深300,XSHG,2015/9/23,3339.03,3290.071,3253.333,3315.935,3263.028,12317143900,1.37E+11,-76.002,-0.02276
000300.ZICN,300,中证指数有限公司,沪深300,XSHG,2015/9/24,3263.028,3278.896,3255.902,3300.857,3284.999,10201123800,1.21E+11,21.971,0.00673
000300.ZICN,300,中证指数有限公司,沪深300,XSHG,2015/9/25,3284.999,3272.665,3201.914,3290.858,3231.951,12141927800,1.38E+11,-53.048,-0.01615
000300.ZICN,300,中证指数有限公司,沪深300,XSHG,2015/9/28,3231.951,3226.607,3186.507,3246.554,3242.752,7421946800,88007466971,10.801,0.00334
000300.ZICN,300,中证指数有限公司,沪深300,XSHG,2015/9/29,3242.752,3197.221,3159.042,3208.417,3178.854,8715063300,96691510035,-63.898,-0.0197
000300.ZICN,300,中证指数有限公司,沪深300,XSHG,2015/9/30,3178.854,3195.901,3186.767,3223.908,3202.948,7855934900,95881598729,24.094,0.00758
000300.ZICN,300,中证指数有限公司,沪深300,XSHG,2015/10/8,3202.948,3324.981,3294.605,3337.331,3296.482,13208176800,1.64E+11,93.534,0.0292
000300.ZICN,300,中证指数有限公司,沪深300,XSHG,2015/10/9,3296.482,3302.36,3293.965,3352.379,3340.116,12435250000,1.45E+11,43.634,0.01324
000300.ZICN,300,中证指数有限公司,沪深300,XSHG,2015/10/12,3340.116,3351.139,3347.251,3486.631,3447.693,22140046800,2.64E+11,107.577,0.03221
000300.ZICN,300,中证指数有限公司,沪深300,XSHG,2015/10/13,3447.693,3422.477,3413.967,3452.045,3445.043,14543378600,1.75E+11,-2.65,-0.00077
000300.ZICN,300,中证指数有限公司,沪深300,XSHG,2015/10/14,3445.043,3431.135,3403.231,3458.702,3406.112,15217393800,1.75E+11,-38.931,-0.0113
000300.ZICN,300,中证指数有限公司,沪深300,XSHG,2015/10/15,3406.112,3403.389,3402.316,3486.815,3486.815,17115829900,2.02E+11,80.703,0.02369
000300.ZICN,300,中证指数有限公司,沪深300,XSHG,2015/10/16,3486.815,3508.518,3487.104,3537.539,3534.065,20896470900,2.52E+11,47.25,0.01355
000300.ZICN,300,中证指数有限公司,沪深300,XSHG,2015/10/19,3534.065,3548.953,3502.505,3572.995,3534.182,20760674400,2.55E+11,0.117,3.00E-05
000300.ZICN,300,中证指数有限公司,沪深300,XSHG,2015/10/20,3534.182,3527.875,3510.437,3577.798,3577.703,17902510800,2.27E+11,43.521,0.01231
000300.ZICN,300,中证指数有限公司,沪深300,XSHG,2015/10/21,3577.703,3580.838,3417.412,3601.243,3473.254,28207605000,3.27E+11,-104.449,-0.02919
000300.ZICN,300,中证指数有限公司,沪深300,XSHG,2015/10/22,3473.254,3453.201,3442.307,3530.766,3524.534,18430558000,2.24E+11,51.28,0.01476
000300.ZICN,300,中证指数有限公司,沪深300,XSHG,2015/10/23,3524.534,3536.843,3515.822,3581.836,3571.241,19829447800,2.47E+11,46.707,0.01325
000300.ZICN,300,中证指数有限公司,沪深300,XSHG,2015/10/26,3571.241,3614.702,3561.192,3620.756,3589.261,20424886300,2.70E+11,18.02,0.00505
000300.ZICN,300,中证指数有限公司,沪深300,XSHG,2015/10/27,3589.261,3569.449,3486.102,3601.053,3592.879,19205614000,2.39E+11,3.618,0.00101
000300.ZICN,300,中证指数有限公司,沪深300,XSHG,2015/10/28,3592.879,3575.805,3517.21,3598.172,3524.92,17097709800,2.13E+11,-67.959,-0.01891
000300.ZICN,300,中证指数有限公司,沪深300,XSHG,2015/10/29,3524.92,3539.978,3507.966,3561.814,3533.307,12701044600,1.61E+11,8.387,0.00238
000300.ZICN,300,中证指数有限公司,沪深300,XSHG,2015/10/30,3533.307,3530.223,3497.568,3574.473,3534.079,13914191400,1.83E+11,0.772,0.00022
000300.ZICN,300,中证指数有限公司,沪深300,XSHG,2015/11/2,3534.079,3489.225,3474.712,3543.45,3475.962,13000256800,1.67E+11,-58.117,-0.01644
000300.ZICN,300,中证指数有限公司,沪深300,XSHG,2015/11/3,3475.962,3484.722,3452.62,3501.704,3465.493,10140187600,1.32E+11,-10.469,-0.00301
000300.ZICN,300,中证指数有限公司,沪深300,XSHG,2015/11/4,3465.493,3477.159,3477.159,3628.538,3628.538,20542386500,2.67E+11,163.045,0.04705
000300.ZICN,300,中证指数有限公司,沪深300,XSHG,2015/11/5,3628.538,3630.782,3627.301,3781.409,3705.97,39804656800,4.95E+11,77.432,0.02134
000300.ZICN,300,中证指数有限公司,沪深300,XSHG,2015/11/6,3705.97,3698.342,3694.657,3801.705,3793.374,29875307600,3.90E+11,87.404,0.02358
000300.ZICN,300,中证指数有限公司,沪深300,XSHG,2015/11/9,3793.374,3796.379,3796.379,3891.773,3840.355,35680482300,4.63E+11,46.981,0.01239
000300.ZICN,300,中证指数有限公司,沪深300,XSHG,2015/11/10,3840.355,3806.669,3798.821,3876.49,3833.238,28651960300,3.81E+11,-7.117,-0.00185
000300.ZICN,300,中证指数有限公司,沪深300,XSHG,2015/11/11,3833.238,3828.448,3781.41,3843.112,3833.646,23223429600,3.07E+11,0.408,0.00011
000300.ZICN,300,中证指数有限公司,沪深300,XSHG,2015/11/12,3833.646,3841.738,3771.274,3843.9,3795.324,21753764700,3.02E+11,-38.322,-0.01
000300.ZICN,300,中证指数有限公司,沪深300,XSHG,2015/11/13,3795.324,3756.204,3727.585,3793.713,3746.242,20348989100,2.82E+11,-49.082,-0.01293
000300.ZICN,300,中证指数有限公司,沪深300,XSHG,2015/11/16,3746.242,3682.735,3680.073,3764.409,3764.126,16169090100,2.27E+11,17.884,0.00477
000300.ZICN,300,中证指数有限公司,沪深300,XSHG,2015/11/17,3764.126,3790.426,3750.157,3852.774,3758.387,24853307100,3.65E+11,-5.739,-0.00152
000300.ZICN,300,中证指数有限公司,沪深300,XSHG,2015/11/18,3758.387,3760.456,3706.31,3771.847,3715.58,18568949500,2.54E+11,-42.807,-0.01139
000300.ZICN,300,中证指数有限公司,沪深300,XSHG,2015/11/19,3715.58,3725.622,3714.675,3775.232,3774.969,15463198900,2.05E+11,59.389,0.01598
000300.ZICN,300,中证指数有限公司,沪深300,XSHG,2015/11/20,3774.969,3778.884,3757.026,3793.545,3774.383,18695168900,2.42E+11,-0.586,-0.00016
000300.ZICN,300,中证指数有限公司,沪深300,XSHG,2015/11/23,3774.383,3774.436,3743.405,3802.851,3753.335,17562681200,2.35E+11,-21.048,-0.00558
000300.ZICN,300,中证指数有限公司,沪深300,XSHG,2015/11/24,3753.335,3745.761,3702.737,3754.169,3753.889,14338328300,1.92E+11,0.554,0.00015
000300.ZICN,300,中证指数有限公司,沪深300,XSHG,2015/11/25,3753.889,3747.759,3735.716,3781.857,3781.607,15194494100,2.15E+11,27.718,0.00738
000300.ZICN,300,中证指数有限公司,沪深300,XSHG,2015/11/26,3781.607,3795.245,3756.823,3805.844,3759.429,17352546800,2.40E+11,-22.178,-0.00586
000300.ZICN,300,中证指数有限公司,沪深300,XSHG,2015/11/27,3759.429,3739.096,3534.39,3742.742,3556.992,20893935800,2.70E+11,-202.437,-0.05385
000300.ZICN,300,中证指数有限公司,沪深300,XSHG,2015/11/30,3556.992,3554.89,3455.068,3587.97,3566.412,17320116300,2.20E+11,9.42,0.00265
000300.ZICN,300,中证指数有限公司,沪深300,XSHG,2015/12/1,3566.412,3562.319,3536.116,3617.305,3591.696,13653655400,1.77E+11,25.284,0.00709
000300.ZICN,300,中证指数有限公司,沪深300,XSHG,2015/12/2,3591.696,3587.758,3573.403,3725.854,3721.955,21353886500,2.61E+11,130.259,0.03627
000300.ZICN,300,中证指数有限公司,沪深300,XSHG,2015/12/3,3721.955,3709.547,3693.137,3758.446,3749.299,19776212600,2.37E+11,27.344,0.00735
000300.ZICN,300,中证指数有限公司,沪深300,XSHG,2015/12/4,3749.299,3719.734,3667.291,3726.124,3677.592,15119952200,1.96E+11,-71.707,-0.01913
000300.ZICN,300,中证指数有限公司,沪深300,XSHG,2015/12/7,3677.592,3681.582,3658.578,3699.337,3687.607,11388315000,1.61E+11,10.015,0.00272
000300.ZICN,300,中证指数有限公司,沪深300,XSHG,2015/12/8,3687.607,3668.839,3619.445,3668.839,3623.02,12578108300,1.63E+11,-64.587,-0.01751
000300.ZICN,300,中证指数有限公司,沪深300,XSHG,2015/12/9,3623.02,3613.42,3611.49,3655.159,3635.938,11332542200,1.54E+11,12.918,0.00357
000300.ZICN,300,中证指数有限公司,沪深300,XSHG,2015/12/10,3635.938,3634.366,3615.991,3678.318,3623.084,12021562500,1.69E+11,-12.854,-0.00354
000300.ZICN,300,中证指数有限公司,沪深300,XSHG,2015/12/11,3623.084,3605.372,3578.146,3630.744,3608.059,11032248100,1.45E+11,-15.025,-0.00415
000300.ZICN,300,中证指数有限公司,沪深300,XSHG,2015/12/14,3608.059,3573.884,3570.998,3712.503,3711.322,15176911900,2.03E+11,103.263,0.02862
000300.ZICN,300,中证指数有限公司,沪深300,XSHG,2015/12/15,3711.322,3707.73,3679.23,3717.357,3694.389,12648171000,1.87E+11,-16.933,-0.00456
000300.ZICN,300,中证指数有限公司,沪深300,XSHG,2015/12/16,3694.389,3703.95,3677.45,3713.09,3685.44,11134272300,1.60E+11,-8.949,-0.00242
000300.ZICN,300,中证指数有限公司,沪深300,XSHG,2015/12/17,3685.44,3712.783,3709.851,3768.844,3755.888,17792407500,2.43E+11,70.448,0.01912
000300.ZICN,300,中证指数有限公司,沪深300,XSHG,2015/12/18,3755.888,3754.96,3750.925,3810.218,3767.913,17346598000,2.32E+11,12.025,0.0032
000300.ZICN,300,中证指数有限公司,沪深300,XSHG,2015/12/21,3767.913,3762.097,3759.989,3877.82,3865.965,21743527500,2.90E+11,98.052,0.02602
000300.ZICN,300,中证指数有限公司,沪深300,XSHG,2015/12/22,3865.965,3872.098,3841.593,3880.468,3876.733,18030366100,2.44E+11,10.768,0.00279
000300.ZICN,300,中证指数有限公司,沪深300,XSHG,2015/12/23,3876.733,3877.872,3862.965,3926.686,3866.381,20701714700,2.95E+11,-10.352,-0.00267
000300.ZICN,300,中证指数有限公司,沪深300,XSHG,2015/12/24,3866.381,3858.135,3787.084,3867.679,3829.402,14718139700,2.04E+11,-36.979,-0.00956
000300.ZICN,300,中证指数有限公司,沪深300,XSHG,2015/12/25,3829.402,3832.085,3813.204,3848.025,3838.201,11962401300,1.63E+11,8.799,0.0023
000300.ZICN,300,中证指数有限公司,沪深300,XSHG,2015/12/28,3838.201,3847.532,3727.632,3853.389,3727.632,15398844000,2.10E+11,-110.569,-0.02881
000300.ZICN,300,中证指数有限公司,沪深300,XSHG,2015/12/29,3727.632,3723.05,3710.48,3762.052,3761.875,10188555500,1.40E+11,34.243,0.00919
000300.ZICN,300,中证指数有限公司,沪深300,XSHG,2015/12/30,3761.875,3762.914,3726.278,3765.657,3765.175,10562995500,1.56E+11,3.3,0.00088
000300.ZICN,300,中证指数有限公司,沪深300,XSHG,2015/12/31,3765.175,3760.904,3727.325,3772.617,3731.005,10187355600,1.45E+11,-34.17,-0.00908
000300.ZICN,300,中证指数有限公司,沪深300,XSHG,2016/1/4,3731.005,3725.856,3468.949,3726.245,3469.066,11537067400,1.46E+11,-261.939,-0.07021
000300.ZICN,300,中证指数有限公司,沪深300,XSHG,2016/1/5,3469.066,3382.177,3377.28,3518.217,3478.78,16211698400,1.96E+11,9.714,0.0028
000300.ZICN,300,中证指数有限公司,沪深300,XSHG,2016/1/6,3478.78,3482.406,3468.467,3543.739,3539.808,14596614400,1.61E+11,61.028,0.01754
000300.ZICN,300,中证指数有限公司,沪深300,XSHG,2016/1/7,3539.808,3481.15,3284.737,3481.15,3294.384,4410264100,47130795628,-245.424,-0.06933
000300.ZICN,300,中证指数有限公司,沪深300,XSHG,2016/1/8,3294.384,3371.871,3237.931,3418.851,3361.563,18595945100,2.03E+11,67.179,0.02039
000300.ZICN,300,中证指数有限公司,沪深300,XSHG,2016/1/11,3361.563,3303.125,3192.45,3342.481,3192.45,17463838700,1.84E+11,-169.113,-0.05031
000300.ZICN,300,中证指数有限公司,沪深300,XSHG,2016/1/12,3192.45,3214.823,3174.55,3242.253,3215.71,12822579600,1.42E+11,23.26,0.00729
000300.ZICN,300,中证指数有限公司,沪深300,XSHG,2016/1/13,3215.71,3240.484,3155.879,3257.295,3155.879,12066649400,1.31E+11,-59.831,-0.01861
000300.ZICN,300,中证指数有限公司,沪深300,XSHG,2016/1/14,3155.879,3076.645,3072.039,3226.658,3221.571,13453767100,1.45E+11,65.692,0.02082
000300.ZICN,300,中证指数有限公司,沪深300,XSHG,2016/1/15,3221.571,3200.888,3101.052,3216.798,3118.73,12460177900,1.32E+11,-102.841,-0.03192
000300.ZICN,300,中证指数有限公司,沪深300,XSHG,2016/1/18,3118.73,3068.235,3066.727,3165.616,3130.729,10112838600,1.09E+11,11.999,0.00385
000300.ZICN,300,中证指数有限公司,沪深300,XSHG,2016/1/19,3130.729,3132.705,3119.216,3227.908,3223.125,12765389300,1.43E+11,92.396,0.02951
000300.ZICN,300,中证指数有限公司,沪深300,XSHG,2016/1/20,3223.125,3204.218,3154.426,3225.95,3174.378,13065050400,1.43E+11,-48.747,-0.01512
000300.ZICN,300,中证指数有限公司,沪深300,XSHG,2016/1/21,3174.378,3136.384,3081.345,3202.538,3081.345,11118973300,1.22E+11,-93.033,-0.02931
000300.ZICN,300,中证指数有限公司,沪深300,XSHG,2016/1/22,3081.345,3114.895,3053.958,3132.171,3113.463,8995108700,96885673842,32.118,0.01042
000300.ZICN,300,中证指数有限公司,沪深300,XSHG,2016/1/25,3113.463,3129.028,3105.1,3149.332,3128.886,8154006100,85777891364,15.423,0.00495
000300.ZICN,300,中证指数有限公司,沪深300,XSHG,2016/1/26,3128.886,3099.596,2934.647,3106.53,2940.509,12693392100,1.27E+11,-188.377,-0.06021
000300.ZICN,300,中证指数有限公司,沪深300,XSHG,2016/1/27,2940.509,2953.183,2839.29,2963.544,2930.352,13222936600,1.27E+11,-10.157,-0.00345
000300.ZICN,300,中证指数有限公司,沪深300,XSHG,2016/1/28,2930.352,2909.334,2841.844,2941.887,2853.756,9922275600,95663874927,-76.596,-0.02614
000300.ZICN,300,中证指数有限公司,沪深300,XSHG,2016/1/29,2853.756,2855.598,2854.371,2965.309,2946.09,11330425900,1.09E+11,92.334,0.03236
000300.ZICN,300,中证指数有限公司,沪深300,XSHG,2016/2/1,2946.09,2939.04,2869.561,2944.517,2901.048,8679534200,82931453498,-45.042,-0.01529
000300.ZICN,300,中证指数有限公司,沪深300,XSHG,2016/2/2,2901.048,2901.528,2901.512,2972.426,2961.334,8860196300,88740230428,60.286,0.02078
000300.ZICN,300,中证指数有限公司,沪深300,XSHG,2016/2/3,2961.334,2931.288,2909.898,2954.71,2948.639,7738900000,74817092259,-12.695,-0.00429
000300.ZICN,300,中证指数有限公司,沪深300,XSHG,2016/2/4,2948.639,2960.334,2960.207,2999.206,2984.76,9177972400,91550346872,36.121,0.01225
000300.ZICN,300,中证指数有限公司,沪深300,XSHG,2016/2/5,2984.76,2982.056,2962.847,2988.36,2963.789,7685080800,77443222334,-20.971,-0.00703
000300.ZICN,300,中证指数有限公司,沪深300,XSHG,2016/2/15,2963.789,2888.428,2886.018,2961.493,2946.707,7291943400,71285049141,-17.082,-0.00576
000300.ZICN,300,中证指数有限公司,沪深300,XSHG,2016/2/16,2946.707,2962.187,2962.187,3042.089,3037.035,11257964300,1.12E+11,90.328,0.03065
000300.ZICN,300,中证指数有限公司,沪深300,XSHG,2016/2/17,3037.035,3034.09,3027.046,3065.785,3063.32,12829160700,1.22E+11,26.285,0.00865
000300.ZICN,300,中证指数有限公司,沪深300,XSHG,2016/2/18,3063.32,3079.527,3049.841,3093.513,3053.699,12440146400,1.23E+11,-9.621,-0.00314
000300.ZICN,300,中证指数有限公司,沪深300,XSHG,2016/2/19,3053.699,3047.942,3032.634,3065.968,3051.585,8733801200,90849341804,-2.114,-0.00069
000300.ZICN,300,中证指数有限公司,沪深300,XSHG,2016/2/22,3051.585,3083.933,3071.329,3128.207,3118.868,14094696800,1.42E+11,67.283,0.02205
000300.ZICN,300,中证指数有限公司,沪深300,XSHG,2016/2/23,3118.868,3117.203,3061.429,3119.221,3089.363,11256739100,1.17E+11,-29.505,-0.00946
000300.ZICN,300,中证指数有限公司,沪深300,XSHG,2016/2/24,3089.363,3077.606,3055.251,3109.545,3109.545,11178265000,1.13E+11,20.182,0.00653
000300.ZICN,300,中证指数有限公司,沪深300,XSHG,2016/2/25,3109.545,3104.41,2905.457,3104.436,2918.75,15782975200,1.53E+11,-190.795,-0.06136
000300.ZICN,300,中证指数有限公司,沪深300,XSHG,2016/2/26,2918.75,2942.095,2902.948,2964.385,2948.031,10694972900,1.03E+11,29.281,0.01003
000300.ZICN,300,中证指数有限公司,沪深300,XSHG,2016/2/29,2948.031,2939.58,2821.215,2939.875,2877.467,12934102000,1.18E+11,-70.564,-0.02394
000300.ZICN,300,中证指数有限公司,沪深300,XSHG,2016/3/1,2877.467,2881.335,2863.323,2950.436,2930.694,11604591800,1.10E+11,53.227,0.0185
000300.ZICN,300,中证指数有限公司,沪深300,XSHG,2016/3/2,2930.694,2933.921,2933.116,3054.724,3051.333,17597234700,1.64E+11,120.639,0.04116
000300.ZICN,300,中证指数有限公司,沪深300,XSHG,2016/3/3,3051.333,3050.389,3040.246,3078.444,3058.422,17310574400,1.66E+11,7.089,0.00232
000300.ZICN,300,中证指数有限公司,沪深300,XSHG,2016/3/4,3058.422,3047.537,3032.424,3101.656,3093.89,21917253400,2.06E+11,35.468,0.0116
000300.ZICN,300,中证指数有限公司,沪深300,XSHG,2016/3/7,3093.89,3108.999,3083.584,3130.903,3104.84,13246203700,1.28E+11,10.95,0.00354
000300.ZICN,300,中证指数有限公司,沪深300,XSHG,2016/3/8,3104.84,3100.149,3001.829,3109.25,3107.673,13623574200,1.29E+11,2.833,0.00091
000300.ZICN,300,中证指数有限公司,沪深300,XSHG,2016/3/9,3107.673,3045.924,3020.134,3072.916,3071.907,11146624500,1.06E+11,-35.766,-0.01151
000300.ZICN,300,中证指数有限公司,沪深300,XSHG,2016/3/10,3071.907,3056.21,3012.691,3074.16,3013.146,7607219700,78180468559,-58.761,-0.01913
000300.ZICN,300,中证指数有限公司,沪深300,XSHG,2016/3/11,3013.146,2990.214,2982.172,3026.437,3018.284,7333356400,74367296548,5.138,0.00171
000300.ZICN,300,中证指数有限公司,沪深300,XSHG,2016/3/14,3018.284,3039.569,3034,3106.8,3065.69,11710865500,1.24E+11,47.406,0.01571
000300.ZICN,300,中证指数有限公司,沪深300,XSHG,2016/3/15,3065.69,3061.343,3028.578,3077.085,3074.78,9831194100,1.01E+11,9.09,0.00297
000300.ZICN,300,中证指数有限公司,沪深300,XSHG,2016/3/16,3074.78,3068.866,3064.521,3100.352,3090.033,12473644800,1.26E+11,15.253,0.00496
000300.ZICN,300,中证指数有限公司,沪深300,XSHG,2016/3/17,3090.033,3096.808,3077.572,3147.841,3124.204,12166177700,1.37E+11,34.171,0.01106
000300.ZICN,300,中证指数有限公司,沪深300,XSHG,2016/3/18,3124.204,3136.223,3130.102,3197.668,3171.963,19730256400,2.10E+11,47.759,0.01529
000300.ZICN,300,中证指数有限公司,沪深300,XSHG,2016/3/21,3171.963,3203.293,3198.361,3267.775,3249.437,23326946400,2.57E+11,77.474,0.02442
000300.ZICN,300,中证指数有限公司,沪深300,XSHG,2016/3/22,3249.437,3231.615,3218.728,3249.677,3225.79,16102089700,1.94E+11,-23.647,-0.00728
000300.ZICN,300,中证指数有限公司,沪深300,XSHG,2016/3/23,3225.79,3217.729,3202.976,3242.247,3236.092,12567928600,1.56E+11,10.302,0.00319
000300.ZICN,300,中证指数有限公司,沪深300,XSHG,2016/3/24,3236.092,3211.496,3181.813,3221.906,3181.851,13313112200,1.62E+11,-54.241,-0.01676
000300.ZICN,300,中证指数有限公司,沪深300,XSHG,2016/3/25,3181.851,3176.81,3174.318,3204.442,3197.817,9739533000,1.15E+11,15.966,0.00502
000300.ZICN,300,中证指数有限公司,沪深300,XSHG,2016/3/28,3197.817,3206.953,3161.878,3229.624,3169.728,10344193300,1.24E+11,-28.089,-0.00878
000300.ZICN,300,中证指数有限公司,沪深300,XSHG,2016/3/29,3169.728,3171.314,3122.761,3178.075,3135.41,9729474700,1.14E+11,-34.318,-0.01083
000300.ZICN,300,中证指数有限公司,沪深300,XSHG,2016/3/30,3135.41,3161.289,3161.289,3216.676,3216.275,11780251200,1.41E+11,80.865,0.02579
000300.ZICN,300,中证指数有限公司,沪深300,XSHG,2016/3/31,3216.275,3229.2,3208.665,3241.927,3218.088,12155207400,1.47E+11,1.813,0.00056
000300.ZICN,300,中证指数有限公司,沪深300,XSHG,2016/4/1,3218.088,3213.674,3165.856,3222.612,3221.895,11812213900,1.27E+11,3.807,0.00118
000300.ZICN,300,中证指数有限公司,沪深300,XSHG,2016/4/5,3221.895,3211.305,3205.207,3271.93,3264.486,14604777200,1.59E+11,42.591,0.01322
000300.ZICN,300,中证指数有限公司,沪深300,XSHG,2016/4/6,3264.486,3250.522,3236.196,3267.64,3257.528,12019630500,1.37E+11,-6.958,-0.00213
000300.ZICN,300,中证指数有限公司,沪深300,XSHG,2016/4/7,3257.528,3266.288,3208.644,3270.82,3209.29,11240946700,1.28E+11,-48.238,-0.01481
000300.ZICN,300,中证指数有限公司,沪深300,XSHG,2016/4/8,3209.29,3189.846,3163.305,3197.774,3185.726,10100562500,1.14E+11,-23.564,-0.00734
000300.ZICN,300,中证指数有限公司,沪深300,XSHG,2016/4/11,3185.726,3213.507,3213.507,3251.572,3230.096,12521270900,1.43E+11,44.37,0.01393
000300.ZICN,300,中证指数有限公司,沪深300,XSHG,2016/4/12,3230.096,3227.367,3198.903,3232.264,3218.45,9286943700,99086557951,-11.646,-0.00361
000300.ZICN,300,中证指数有限公司,沪深300,XSHG,2016/4/13,3218.45,3237.858,3237.858,3296.523,3261.383,19561386600,2.00E+11,42.933,0.01334
000300.ZICN,300,中证指数有限公司,沪深300,XSHG,2016/4/14,3261.383,3277.098,3252.05,3286.072,3275.832,11315732700,1.18E+11,14.449,0.00443
000300.ZICN,300,中证指数有限公司,沪深300,XSHG,2016/4/15,3275.832,3279.857,3261.73,3282.985,3272.205,9980752900,1.08E+11,-3.627,-0.00111
000300.ZICN,300,中证指数有限公司,沪深300,XSHG,2016/4/20,3238.303,3244.142,3107.369,3248.422,3181.026,16220785800,1.72E+11,-57.277,-0.01769
000300.ZICN,300,中证指数有限公司,沪深300,XSHG,2016/4/21,3181.026,3160.796,3150.94,3198.557,3160.603,10475265100,1.10E+11,-20.423,-0.00642
000300.ZICN,300,中证指数有限公司,沪深300,XSHG,2016/4/22,3160.603,3142.561,3137.993,3175.38,3174.901,7707849200,82442921903,14.298,0.00452
000300.ZICN,300,中证指数有限公司,沪深300,XSHG,2016/4/25,3174.901,3164.738,3137.113,3172.269,3162.033,6751935100,74734848036,-12.868,-0.00405
000300.ZICN,300,中证指数有限公司,沪深300,XSHG,2016/4/26,3162.033,3159.771,3150.404,3181.095,3179.161,5902073400,68871554173,17.128,0.00542
000300.ZICN,300,中证指数有限公司,沪深300,XSHG,2016/4/27,3179.161,3181.931,3162.691,3188.826,3165.916,6000414700,70620405995,-13.245,-0.00417
000300.ZICN,300,中证指数有限公司,沪深300,XSHG,2016/4/28,3165.916,3169.333,3135.643,3174.766,3160.581,6987066000,78876767222,-5.335,-0.00169
000300.ZICN,300,中证指数有限公司,沪深300,XSHG,2016/4/29,3160.581,3153.537,3149.397,3171.289,3156.745,5802977600,70807704222,-3.836,-0.00121
000300.ZICN,300,中证指数有限公司,沪深300,XSHG,2016/5/3,3156.745,3159.823,3151.405,3218.485,3213.54,9816483500,1.16E+11,56.795,0.01799
000300.ZICN,300,中证指数有限公司,沪深300,XSHG,2016/5/4,3213.54,3203.465,3198.292,3222.882,3209.461,9086240800,97797134813,-4.079,-0.00127
000300.ZICN,300,中证指数有限公司,沪深300,XSHG,2016/5/5,3209.461,3204.169,3196.566,3217.282,3213.92,7473368100,83946496908,4.459,0.00139
000300.ZICN,300,中证指数有限公司,沪深300,XSHG,2016/5/6,3213.92,3213.136,3130.147,3216.893,3130.354,10868024000,1.19E+11,-83.566,-0.026
000300.ZICN,300,中证指数有限公司,沪深300,XSHG,2016/5/9,3130.354,3115.43,3055.006,3115.43,3065.615,9923047700,1.00E+11,-64.739,-0.02068
000300.ZICN,300,中证指数有限公司,沪深300,XSHG,2016/5/10,3065.615,3055.212,3055.183,3084.725,3069.112,6884993500,70650764147,3.497,0.00114
000300.ZICN,300,中证指数有限公司,沪深300,XSHG,2016/5/11,3069.112,3080.636,3063.088,3102.877,3082.809,8179425800,87323408342,13.697,0.00446
000300.ZICN,300,中证指数有限公司,沪深300,XSHG,2016/5/12,3082.809,3059.383,3035.023,3095.349,3090.137,7876572600,81418792606,7.328,0.00238
000300.ZICN,300,中证指数有限公司,沪深300,XSHG,2016/5/13,3090.137,3081.68,3064.691,3103.096,3074.935,6262975500,65850995649,-15.202,-0.00492
000300.ZICN,300,中证指数有限公司,沪深300,XSHG,2016/5/16,3074.935,3064.526,3053.662,3095.555,3095.309,5946185600,64405200020,20.374,0.00663
000300.ZICN,300,中证指数有限公司,沪深300,XSHG,2016/5/17,3095.309,3095.523,3073.459,3105.201,3086.025,6527812500,75389385458,-9.284,-0.003
000300.ZICN,300,中证指数有限公司,沪深300,XSHG,2016/5/18,3086.025,3071.529,3039.462,3072.612,3068.036,8271536900,88458847115,-17.989,-0.00583
000300.ZICN,300,中证指数有限公司,沪深300,XSHG,2016/5/19,3068.036,3060.343,3058.145,3086.977,3062.5,6044416600,68679060392,-5.536,-0.0018
000300.ZICN,300,中证指数有限公司,沪深300,XSHG,2016/5/20,3062.5,3047.778,3041.517,3078.532,3078.218,5608084200,65124251092,15.718,0.00513
000300.ZICN,300,中证指数有限公司,沪深300,XSHG,2016/5/23,3078.218,3078.515,3076.504,3098.478,3087.223,5969721600,70337514484,9.005,0.00293
000300.ZICN,300,中证指数有限公司,沪深300,XSHG,2016/5/24,3087.223,3083.244,3052.591,3083.257,3063.556,5873438500,61106015446,-23.667,-0.00767
000300.ZICN,300,中证指数有限公司,沪深300,XSHG,2016/5/25,3063.556,3079.749,3054.87,3089.102,3059.226,5665280300,63316562530,-4.33,-0.00141
000300.ZICN,300,中证指数有限公司,沪深300,XSHG,2016/5/26,3059.226,3056.6,3027.444,3072.524,3064.211,6039298100,65985183919,4.985,0.00163
000300.ZICN,300,中证指数有限公司,沪深300,XSHG,2016/5/27,3064.211,3059.732,3052.179,3073.756,3062.499,6046875000,59371777079,-1.712,-0.00056
000300.ZICN,300,中证指数有限公司,沪深300,XSHG,2016/5/30,3062.499,3056.314,3037.665,3075.261,3066.71,6309857900,63496565009,4.211,0.00138
000300.ZICN,300,中证指数有限公司,沪深300,XSHG,2016/5/31,3066.71,3068.596,3068.596,3170.926,3169.56,13886311100,1.51E+11,102.85,0.03354
000300.ZICN,300,中证指数有限公司,沪深300,XSHG,2016/6/1,3169.56,3172.962,3159.818,3181.793,3160.547,11314848200,1.32E+11,-9.013,-0.00284
000300.ZICN,300,中证指数有限公司,沪深300,XSHG,2016/6/2,3160.547,3158.026,3151.065,3168.824,3167.1,8600342700,97093625345,6.553,0.00207
000300.ZICN,300,中证指数有限公司,沪深300,XSHG,2016/6/3,3167.1,3172.946,3162.088,3201.749,3189.326,10149178300,1.36E+11,22.226,0.00702
000300.ZICN,300,中证指数有限公司,沪深300,XSHG,2016/6/6,3189.326,3192.779,3168.554,3197.22,3178.788,7669375100,1.01E+11,-10.538,-0.0033
000300.ZICN,300,中证指数有限公司,沪深300,XSHG,2016/6/7,3178.788,3182.437,3168.179,3186.617,3177.054,6892831400,88711618425,-1.734,-0.00055
000300.ZICN,300,中证指数有限公司,沪深300,XSHG,2016/6/8,3177.054,3171.813,3148.352,3174.972,3163.986,7629177500,97682790861,-13.068,-0.00411
000300.ZICN,300,中证指数有限公司,沪深300,XSHG,2016/6/13,3163.986,3134.045,3065.767,3145.606,3066.341,9297594700,1.14E+11,-97.645,-0.03086
000300.ZICN,300,中证指数有限公司,沪深300,XSHG,2016/6/14,3066.341,3058.443,3055.655,3078.749,3075.983,6627945700,78622305350,9.642,0.00314
000300.ZICN,300,中证指数有限公司,沪深300,XSHG,2016/6/15,3075.983,3043.958,3042.233,3128.673,3116.368,8739325700,1.06E+11,40.385,0.01313
000300.ZICN,300,中证指数有限公司,沪深300,XSHG,2016/6/16,3116.368,3104.362,3089.478,3112.476,3094.675,8297470300,93496238871,-21.693,-0.00696
000300.ZICN,300,中证指数有限公司,沪深300,XSHG,2016/6/17,3094.675,3096.09,3096.09,3131.049,3110.357,8540298500,97953389320,15.682,0.00507
000300.ZICN,300,中证指数有限公司,沪深300,XSHG,2016/6/20,3110.357,3114.906,3089.713,3118.725,3112.674,6358714100,74647802462,2.317,0.00074
000300.ZICN,300,中证指数有限公司,沪深300,XSHG,2016/6/21,3112.674,3124.898,3097.94,3155.493,3106.318,8796534500,1.07E+11,-6.356,-0.00204
000300.ZICN,300,中证指数有限公司,沪深300,XSHG,2016/6/22,3106.318,3100.45,3096.992,3134.061,3133.961,6648711300,81348715848,27.643,0.0089
000300.ZICN,300,中证指数有限公司,沪深300,XSHG,2016/6/23,3133.961,3129.721,3102.481,3129.721,3117.317,6775173800,81732552159,-16.644,-0.00531
000300.ZICN,300,中证指数有限公司,沪深300,XSHG,2016/6/24,3117.317,3110.647,3033.965,3130.539,3077.155,10479220800,1.19E+11,-40.162,-0.01288
000300.ZICN,300,中证指数有限公司,沪深300,XSHG,2016/6/27,3077.155,3065.128,3064.966,3120.641,3120.544,8326725900,1.04E+11,43.389,0.0141
000300.ZICN,300,中证指数有限公司,沪深300,XSHG,2016/6/28,3120.544,3107.398,3099.701,3139.43,3136.401,9202463700,1.17E+11,15.857,0.00508
000300.ZICN,300,中证指数有限公司,沪深300,XSHG,2016/6/29,3136.401,3142.484,3139.133,3158.076,3151.39,10372366800,1.18E+11,14.989,0.00478
000300.ZICN,300,中证指数有限公司,沪深300,XSHG,2016/6/30,3151.39,3152.833,3148.199,3163.721,3153.921,7969261700,1.01E+11,2.531,0.0008
000300.ZICN,300,中证指数有限公司,沪深300,XSHG,2016/7/4,3154.2,3136.385,3134.023,3210.602,3204.696,13331052900,1.50E+11,50.496,0.01601
000300.ZICN,300,中证指数有限公司,沪深300,XSHG,2016/7/5,3204.696,3199.157,3197.996,3216.703,3207.383,13022689500,1.44E+11,2.687,0.00084
000300.ZICN,300,中证指数有限公司,沪深300,XSHG,2016/7/6,3207.383,3197.625,3183.451,3217.516,3216.804,12489745800,1.47E+11,9.421,0.00294
000300.ZICN,300,中证指数有限公司,沪深300,XSHG,2016/7/7,3216.804,3206.551,3190.124,3220.54,3209.954,11859520200,1.40E+11,-6.85,-0.00213
000300.ZICN,300,中证指数有限公司,沪深300,XSHG,2016/7/8,3209.954,3199.754,3183.959,3204.928,3192.28,8973485500,1.11E+11,-17.674,-0.00551
000300.ZICN,300,中证指数有限公司,沪深300,XSHG,2016/7/11,3192.28,3199.038,3197.626,3235.962,3203.33,13852951100,1.55E+11,11.05,0.00346
000300.ZICN,300,中证指数有限公司,沪深300,XSHG,2016/7/12,3203.33,3201.906,3200.303,3273.474,3273.182,17253421700,1.91E+11,69.852,0.02181
000300.ZICN,300,中证指数有限公司,沪深300,XSHG,2016/7/13,3273.182,3274.02,3271.775,3300.991,3282.868,17519609000,1.97E+11,9.686,0.00296
000300.ZICN,300,中证指数有限公司,沪深300,XSHG,2016/7/14,3282.868,3277.482,3259.065,3281.95,3276.764,10752579800,1.28E+11,-6.104,-0.00186
000300.ZICN,300,中证指数有限公司,沪深300,XSHG,2016/7/15,3276.764,3278.836,3265.291,3285.026,3276.278,10266502600,1.25E+11,-0.486,-0.00015
000300.ZICN,300,中证指数有限公司,沪深300,XSHG,2016/7/18,3276.278,3269.708,3251.766,3281.638,3262.022,11031251800,1.30E+11,-14.256,-0.00435
000300.ZICN,300,中证指数有限公司,沪深300,XSHG,2016/7/19,3262.022,3260.435,3226.199,3264.73,3248.234,8888686100,1.07E+11,-13.788,-0.00423
000300.ZICN,300,中证指数有限公司,沪深300,XSHG,2016/7/20,3248.234,3246.863,3232.257,3254.508,3237.605,7270125500,91367448994,-10.629,-0.00327
000300.ZICN,300,中证指数有限公司,沪深300,XSHG,2016/7/21,3237.605,3238.337,3238.303,3271.374,3252.523,8600482500,1.07E+11,14.918,0.00461
000300.ZICN,300,中证指数有限公司,沪深300,XSHG,2016/7/22,3252.523,3251.242,3220.894,3253.769,3225.162,8602912800,1.07E+11,-27.361,-0.00841
000300.ZICN,300,中证指数有限公司,沪深300,XSHG,2016/7/25,3225.162,3220.166,3218.142,3243.79,3230.885,7020318500,92015844035,5.723,0.00177
000300.ZICN,300,中证指数有限公司,沪深300,XSHG,2016/7/26,3230.885,3228.234,3228.008,3269.746,3269.588,8105108900,1.04E+11,38.703,0.01198
000300.ZICN,300,中证指数有限公司,沪深300,XSHG,2016/7/27,3269.588,3270.084,3157.409,3276.511,3218.243,16018866500,1.87E+11,-51.345,-0.0157
000300.ZICN,300,中证指数有限公司,沪深300,XSHG,2016/7/28,3218.243,3204.465,3195.27,3235.782,3221.137,11277996400,1.37E+11,2.894,0.0009
000300.ZICN,300,中证指数有限公司,沪深300,XSHG,2016/7/29,3221.137,3217.192,3198.684,3225.418,3203.93,8804483700,1.04E+11,-17.207,-0.00534
000300.ZICN,300,中证指数有限公司,沪深300,XSHG,2016/8/1,3203.93,3196.425,3156.749,3199.975,3176.809,8700349700,98818634361,-27.121,-0.00846
000300.ZICN,300,中证指数有限公司,沪深300,XSHG,2016/8/2,3176.809,3173.758,3165.542,3189.053,3189.053,6216763900,70640763842,12.244,0.00385
000300.ZICN,300,中证指数有限公司,沪深300,XSHG,2016/8/3,3189.053,3179.684,3173.536,3197.157,3193.507,7286410200,79754323301,4.454,0.0014
000300.ZICN,300,中证指数有限公司,沪深300,XSHG,2016/8/4,3193.507,3190.546,3170.419,3201.554,3201.289,7350437300,86919591121,7.782,0.00244
000300.ZICN,300,中证指数有限公司,沪深300,XSHG,2016/8/5,3201.289,3201.354,3192.861,3224.873,3205.11,7719636600,94429542391,3.821,0.00119
000300.ZICN,300,中证指数有限公司,沪深300,XSHG,2016/8/8,3205.11,3199.572,3187.252,3234.48,3234.183,8667605100,1.03E+11,29.073,0.00907
000300.ZICN,300,中证指数有限公司,沪深300,XSHG,2016/8/9,3234.183,3232.603,3229.174,3257.334,3256.981,9106525900,1.06E+11,22.798,0.00705
000300.ZICN,300,中证指数有限公司,沪深300,XSHG,2016/8/10,3256.981,3255.182,3242.751,3261.861,3243.341,9043037200,1.06E+11,-13.64,-0.00419
000300.ZICN,300,中证指数有限公司,沪深300,XSHG,2016/8/11,3243.341,3239.558,3232.613,3274.026,3233.36,10104121300,1.17E+11,-9.981,-0.00308
000300.ZICN,300,中证指数有限公司,沪深300,XSHG,2016/8/12,3233.36,3231.807,3231.137,3294.234,3294.234,11625404400,1.29E+11,60.874,0.01883
000300.ZICN,300,中证指数有限公司,沪深300,XSHG,2016/8/15,3294.234,3303.469,3302.378,3417.915,3393.424,22054342100,2.59E+11,99.19,0.03011
000300.ZICN,300,中证指数有限公司,沪深300,XSHG,2016/8/16,3393.424,3403.384,3372.021,3418.688,3378.245,19638974000,2.27E+11,-15.179,-0.00447
000300.ZICN,300,中证指数有限公司,沪深300,XSHG,2016/8/17,3378.245,3377.771,3356.924,3394.389,3373.048,13884768800,1.68E+11,-5.197,-0.00154
000300.ZICN,300,中证指数有限公司,沪深300,XSHG,2016/8/18,3373.048,3369.947,3349.688,3394.791,3364.485,14238016900,1.72E+11,-8.563,-0.00254
000300.ZICN,300,中证指数有限公司,沪深300,XSHG,2016/8/19,3364.485,3358.555,3341.192,3374.045,3365.02,11996150800,1.35E+11,0.535,0.00016
000300.ZICN,300,中证指数有限公司,沪深300,XSHG,2016/8/22,3365.02,3364.681,3335.47,3372.833,3336.795,10795100800,1.28E+11,-28.225,-0.00839
000300.ZICN,300,中证指数有限公司,沪深300,XSHG,2016/8/23,3336.795,3332.621,3324.96,3359.648,3341.83,9292451600,1.09E+11,5.035,0.00151
000300.ZICN,300,中证指数有限公司,沪深300,XSHG,2016/8/24,3341.83,3341.93,3323.725,3348.129,3329.863,8119142900,94012832200,-11.967,-0.00358
000300.ZICN,300,中证指数有限公司,沪深300,XSHG,2016/8/25,3329.863,3314.085,3279.806,3315.081,3308.972,10058915300,1.13E+11,-20.891,-0.00627
000300.ZICN,300,中证指数有限公司,沪深300,XSHG,2016/8/26,3308.972,3312.499,3301.736,3328.945,3307.09,8153069100,93213205560,-1.882,-0.00057
000300.ZICN,300,中证指数有限公司,沪深300,XSHG,2016/8/29,3307.09,3306.575,3297.07,3315.079,3307.781,7703633300,88011642022,0.691,0.00021
000300.ZICN,300,中证指数有限公司,沪深300,XSHG,2016/8/30,3307.781,3310.319,3304.597,3325.122,3311.987,7572598700,89513016667,4.206,0.00127
000300.ZICN,300,中证指数有限公司,沪深300,XSHG,2016/8/31,3311.987,3310.565,3304.655,3333.973,3327.794,7957080500,99215044445,15.807,0.00477
000300.ZICN,300,中证指数有限公司,沪深300,XSHG,2016/9/1,3327.794,3326.739,3301.213,3329.346,3301.577,8494721900,1.01E+11,-26.217,-0.00788
000300.ZICN,300,中证指数有限公司,沪深300,XSHG,2016/9/2,3301.577,3298.722,3295.755,3320.425,3314.114,8279180300,99396378584,12.537,0.0038
000300.ZICN,300,中证指数有限公司,沪深300,XSHG,2016/9/5,3314.114,3321.005,3314.629,3338.42,3319.68,7829247700,87531089645,5.566,0.00168
000300.ZICN,300,中证指数有限公司,沪深300,XSHG,2016/9/6,3319.68,3322.018,3300.126,3347.951,3342.626,9828399800,1.18E+11,22.946,0.00691
000300.ZICN,300,中证指数有限公司,沪深300,XSHG,2016/9/7,3342.626,3344.066,3337.751,3357.357,3340.817,10294010600,1.15E+11,-1.809,-0.00054
000300.ZICN,300,中证指数有限公司,沪深300,XSHG,2016/9/8,3340.817,3338.008,3328.226,3343.395,3339.564,7191615800,83742346850,-1.253,-0.00038
000300.ZICN,300,中证指数有限公司,沪深300,XSHG,2016/9/9,3339.564,3339.373,3318.044,3344.951,3318.044,8265703600,95471188732,-21.52,-0.00644
000300.ZICN,300,中证指数有限公司,沪深300,XSHG,2016/9/12,3318.044,3271.87,3234.573,3276.716,3262.604,12291768200,1.34E+11,-55.44,-0.01671
000300.ZICN,300,中证指数有限公司,沪深300,XSHG,2016/9/13,3262.604,3265.337,3246.386,3269.222,3260.333,6718028800,76862644231,-2.271,-0.0007
000300.ZICN,300,中证指数有限公司,沪深300,XSHG,2016/9/14,3260.333,3245.737,3231.336,3254.995,3238.73,7043269700,79780746436,-21.603,-0.00663
000300.ZICN,300,中证指数有限公司,沪深300,XSHG,2016/9/19,3238.73,3242.743,3242.743,3264.9,3263.124,5883108200,67678031642,24.394,0.00753
000300.ZICN,300,中证指数有限公司,沪深300,XSHG,2016/9/20,3263.124,3264.665,3252.389,3265.035,3257.403,5278420600,61626150818,-5.721,-0.00175
000300.ZICN,300,中证指数有限公司,沪深300,XSHG,2016/9/21,3257.403,3257.71,3254.321,3270.902,3266.636,5914297900,68957744044,9.233,0.00283
000300.ZICN,300,中证指数有限公司,沪深300,XSHG,2016/9/22,3266.636,3281.472,3277.979,3303.199,3291.121,7575354200,89991761655,24.485,0.0075
000300.ZICN,300,中证指数有限公司,沪深300,XSHG,2016/9/23,3291.121,3292.279,3275.025,3293.916,3275.667,5799398600,68046257250,-15.454,-0.0047
000300.ZICN,300,中证指数有限公司,沪深300,XSHG,2016/9/26,3275.667,3267.691,3220.284,3267.691,3220.284,7045218600,78700835132,-55.383,-0.01691
000300.ZICN,300,中证指数有限公司,沪深300,XSHG,2016/9/27,3220.284,3214.87,3214.441,3240.776,3240.755,5846055000,66651130361,20.471,0.00636
000300.ZICN,300,中证指数有限公司,沪深300,XSHG,2016/9/28,3240.755,3243.647,3227.996,3243.647,3230.89,4472749800,51996404752,-9.865,-0.00304
000300.ZICN,300,中证指数有限公司,沪深300,XSHG,2016/9/29,3230.89,3234.857,3234.803,3257.767,3244.387,5545255600,62220302312,13.497,0.00418
000300.ZICN,300,中证指数有限公司,沪深300,XSHG,2016/9/30,3244.387,3240.178,3239.036,3260.941,3253.285,4497802200,52655734553,8.898,0.00274
000300.ZICN,300,中证指数有限公司,沪深300,XSHG,2016/10/10,3253.285,3265.364,3258.958,3294.641,3293.869,8051926000,89607989896,40.584,0.01247
000300.ZICN,300,中证指数有限公司,沪深300,XSHG,2016/10/11,3293.869,3296.867,3292.878,3308.004,3306.557,8771316300,88213421183,12.688,0.00385
000300.ZICN,300,中证指数有限公司,沪深300,XSHG,2016/10/12,3306.557,3299.139,3289.753,3302.561,3300.01,6866978100,72386912616,-6.547,-0.00198
000300.ZICN,300,中证指数有限公司,沪深300,XSHG,2016/10/13,3300.01,3299.156,3292.397,3307.409,3302.646,8122419800,79923748596,2.636,0.0008
000300.ZICN,300,中证指数有限公司,沪深300,XSHG,2016/10/14,3302.646,3298.734,3285.729,3306.686,3305.848,8231627100,81485597806,3.202,0.00097
000300.ZICN,300,中证指数有限公司,沪深300,XSHG,2016/10/17,3305.848,3305.964,3271.541,3309.01,3277.879,8611350900,88199418936,-27.969,-0.00846
000300.ZICN,300,中证指数有限公司,沪深300,XSHG,2016/10/18,3277.879,3272.682,3272.682,3321.332,3321.332,10286071400,1.05E+11,43.453,0.01326
000300.ZICN,300,中证指数有限公司,沪深300,XSHG,2016/10/19,3321.332,3323.304,3309.831,3332.52,3316.241,10116772500,96354442199,-5.091,-0.00153
000300.ZICN,300,中证指数有限公司,沪深300,XSHG,2016/10/20,3316.241,3317.179,3312.174,3324.903,3318.604,7923887100,82481095277,2.363,0.00071
000300.ZICN,300,中证指数有限公司,沪深300,XSHG,2016/10/21,3318.604,3315.716,3309.179,3341.56,3327.74,10978517600,1.07E+11,9.136,0.00275
000300.ZICN,300,中证指数有限公司,沪深300,XSHG,2016/10/24,3327.74,3332.513,3330.967,3382.826,3367.578,15301434500,1.50E+11,39.838,0.01197
000300.ZICN,300,中证指数有限公司,沪深300,XSHG,2016/10/25,3367.578,3367.475,3356.585,3373.914,3367.455,11119169300,1.11E+11,-0.123,-4.00E-05
000300.ZICN,300,中证指数有限公司,沪深300,XSHG,2016/10/26,3367.455,3365.198,3349.574,3367.831,3354.8,9802478600,1.05E+11,-12.655,-0.00376
000300.ZICN,300,中证指数有限公司,沪深300,XSHG,2016/10/27,3354.8,3351.46,3335.133,3352.355,3345.695,7762985100,85241012414,-9.105,-0.00271
000300.ZICN,300,中证指数有限公司,沪深300,XSHG,2016/10/28,3345.695,3347.144,3337.289,3370.749,3340.126,9313330900,1.05E+11,-5.569,-0.00166
000300.ZICN,300,中证指数有限公司,沪深300,XSHG,2016/10/31,3340.126,3332.406,3317.328,3340.47,3336.278,7135286300,80701820968,-3.848,-0.00115
000300.ZICN,300,中证指数有限公司,沪深300,XSHG,2016/11/1,3336.278,3338.71,3334.457,3359.394,3359.052,7493819900,84717683750,22.774,0.00683
000300.ZICN,300,中证指数有限公司,沪深300,XSHG,2016/11/2,3359.052,3350.71,3331.384,3356.397,3333.352,9119710400,1.00E+11,-25.7,-0.00765
000300.ZICN,300,中证指数有限公司,沪深300,XSHG,2016/11/3,3333.352,3326.905,3324.838,3379.989,3365.085,12622350400,1.37E+11,31.733,0.00952
000300.ZICN,300,中证指数有限公司,沪深300,XSHG,2016/11/4,3365.085,3362.206,3348.426,3377.639,3354.175,10406965500,1.11E+11,-10.91,-0.00324
000300.ZICN,300,中证指数有限公司,沪深300,XSHG,2016/11/7,3354.175,3353.444,3342.312,3362.742,3356.592,9987798800,94370876771,2.417,0.00072
000300.ZICN,300,中证指数有限公司,沪深300,XSHG,2016/11/8,3356.592,3367.697,3361.129,3383.917,3371.118,10314828200,1.05E+11,14.526,0.00433
000300.ZICN,300,中证指数有限公司,沪深300,XSHG,2016/11/9,3371.118,3370.6,3322.08,3373.096,3353.055,13911005900,1.45E+11,-18.063,-0.00536
000300.ZICN,300,中证指数有限公司,沪深300,XSHG,2016/11/10,3353.055,3374.906,3374.906,3403.016,3390.612,13470553500,1.33E+11,37.557,0.0112
000300.ZICN,300,中证指数有限公司,沪深300,XSHG,2016/11/11,3390.612,3387.948,3382.893,3422.672,3417.221,19878149600,1.91E+11,26.609,0.00785
000300.ZICN,300,中证指数有限公司,沪深300,XSHG,2016/11/14,3417.221,3409.224,3408.139,3452.616,3430.248,21324710500,2.08E+11,13.027,0.00381
000300.ZICN,300,中证指数有限公司,沪深300,XSHG,2016/11/15,3430.248,3428.866,3415.995,3434.922,3429.87,13456632000,1.35E+11,-0.378,-0.00011
000300.ZICN,300,中证指数有限公司,沪深300,XSHG,2016/11/16,3429.87,3432.434,3419.244,3435.637,3429.592,12980851100,1.29E+11,-0.278,-8.00E-05
000300.ZICN,300,中证指数有限公司,沪深300,XSHG,2016/11/17,3429.592,3423.465,3412.877,3437.669,3436.535,12156173100,1.22E+11,6.943,0.00202
000300.ZICN,300,中证指数有限公司,沪深300,XSHG,2016/11/18,3436.535,3437.49,3413.27,3443.119,3417.455,11595120500,1.17E+11,-19.08,-0.00555
000300.ZICN,300,中证指数有限公司,沪深300,XSHG,2016/11/21,3417.455,3412.652,3412.08,3463.142,3441.111,14643452900,1.48E+11,23.656,0.00692
000300.ZICN,300,中证指数有限公司,沪深300,XSHG,2016/11/22,3441.111,3443.22,3443.22,3469.219,3468.364,16852344600,1.67E+11,27.253,0.00792
000300.ZICN,300,中证指数有限公司,沪深300,XSHG,2016/11/23,3468.364,3473.895,3465.764,3492.956,3474.729,16238850400,1.71E+11,6.365,0.00184
000300.ZICN,300,中证指数有限公司,沪深300,XSHG,2016/11/24,3474.729,3468.807,3467.011,3508.165,3488.74,14574630100,1.65E+11,14.011,0.00403
000300.ZICN,300,中证指数有限公司,沪深300,XSHG,2016/11/25,3488.74,3490.04,3463.948,3521.303,3521.298,15362150600,1.67E+11,32.558,0.00933
000300.ZICN,300,中证指数有限公司,沪深300,XSHG,2016/11/28,3521.298,3538.675,3528.32,3553.36,3535.081,20737548300,2.20E+11,13.783,0.00391
000300.ZICN,300,中证指数有限公司,沪深300,XSHG,2016/11/29,3535.081,3525.901,3521.379,3583.719,3564.04,23691835600,2.48E+11,28.959,0.00819
000300.ZICN,300,中证指数有限公司,沪深300,XSHG,2016/11/30,3564.04,3557.636,3527.023,3567.069,3538.001,17856017800,1.91E+11,-26.039,-0.00731
000300.ZICN,300,中证指数有限公司,沪深300,XSHG,2016/12/1,3538.001,3543.956,3543.245,3575.97,3565.036,18017076100,2.00E+11,27.035,0.00764
000300.ZICN,300,中证指数有限公司,沪深300,XSHG,2016/12/2,3565.036,3559.771,3516.788,3562.55,3528.955,19635548000,2.04E+11,-36.081,-0.01012
000300.ZICN,300,中证指数有限公司,沪深300,XSHG,2016/12/5,3528.955,3473.688,3457.343,3496.884,3469.407,18085235500,1.90E+11,-59.548,-0.01687
000300.ZICN,300,中证指数有限公司,沪深300,XSHG,2016/12/6,3469.407,3466.242,3456.807,3477.59,3459.153,11552909000,1.26E+11,-10.254,-0.00296
000300.ZICN,300,中证指数有限公司,沪深300,XSHG,2016/12/7,3459.153,3458.369,3445.756,3475.747,3475.747,11434510300,1.15E+11,16.594,0.0048
000300.ZICN,300,中证指数有限公司,沪深300,XSHG,2016/12/8,3475.747,3481.807,3466.512,3484.34,3470.143,11738392200,1.19E+11,-5.604,-0.00161
000300.ZICN,300,中证指数有限公司,沪深300,XSHG,2016/12/9,3470.143,3464.873,3461.761,3507.928,3493.7,15030330800,1.53E+11,23.557,0.00679
000300.ZICN,300,中证指数有限公司,沪深300,XSHG,2016/12/12,3493.7,3489.268,3400.793,3495.802,3409.179,18746775100,1.99E+11,-84.521,-0.02419
000300.ZICN,300,中证指数有限公司,沪深300,XSHG,2016/12/13,3409.179,3394.207,3370.596,3416.215,3405.036,12110509700,1.24E+11,-4.143,-0.00122
000300.ZICN,300,中证指数有限公司,沪深300,XSHG,2016/12/14,3405.036,3399.411,3378.266,3412.28,3378.945,12400774400,1.26E+11,-26.091,-0.00766
000300.ZICN,300,中证指数有限公司,沪深300,XSHG,2016/12/15,3378.945,3363.86,3327.143,3378.037,3340.434,11496066000,1.22E+11,-38.511,-0.0114
000300.ZICN,300,中证指数有限公司,沪深300,XSHG,2016/12/16,3340.434,3335.363,3330.493,3356.292,3346.031,9077542200,98112206845,5.597,0.00168
000300.ZICN,300,中证指数有限公司,沪深300,XSHG,2016/12/19,3346.031,3342.345,3324.999,3344.858,3328.983,8164067800,86095693838,-17.048,-0.00509
000300.ZICN,300,中证指数有限公司,沪深300,XSHG,2016/12/20,3328.983,3328.299,3289.268,3329.102,3309.064,8756959200,88527345889,-19.919,-0.00598
000300.ZICN,300,中证指数有限公司,沪深300,XSHG,2016/12/21,3309.064,3313.745,3313.745,3342.476,3338.536,10825499500,1.06E+11,29.472,0.00891
000300.ZICN,300,中证指数有限公司,沪深300,XSHG,2016/12/22,3338.536,3335.122,3322.72,3340.363,3335.672,9227724900,92564877570,-2.864,-0.00086
000300.ZICN,300,中证指数有限公司,沪深300,XSHG,2016/12/23,3335.672,3333.401,3300.884,3334.894,3307.599,9744471300,99575473231,-28.073,-0.00842
000300.ZICN,300,中证指数有限公司,沪深300,XSHG,2016/12/26,3307.599,3293.224,3267.048,3322.421,3322.401,8979398200,95493219936,14.802,0.00448
000300.ZICN,300,中证指数有限公司,沪深300,XSHG,2016/12/27,3322.401,3319.206,3315.832,3330.232,3316.385,7548635900,79617133030,-6.016,-0.00181
000300.ZICN,300,中证指数有限公司,沪深300,XSHG,2016/12/28,3316.385,3315.753,3293.174,3320.547,3301.889,6900043700,71759839566,-14.496,-0.00437
000300.ZICN,300,中证指数有限公司,沪深300,XSHG,2016/12/29,3301.889,3297.036,3288.096,3312.113,3297.765,7008792300,75972960431,-4.124,-0.00125
000300.ZICN,300,中证指数有限公司,沪深300,XSHG,2016/12/30,3297.765,3302.599,3295.751,3313.55,3310.081,7174411600,76921368838,12.316,0.00373
000300.ZICN,300,中证指数有限公司,沪深300,XSHG,2017/1/3,3310.081,3313.953,3313.953,3345.263,3342.227,8656789600,87612765768,32.146,0.00971
000300.ZICN,300,中证指数有限公司,沪深300,XSHG,2017/1/4,3342.227,3340.558,3338.153,3369.566,3368.312,9005082700,98014355468,26.085,0.0078
000300.ZICN,300,中证指数有限公司,沪深300,XSHG,2017/1/5,3368.312,3368.34,3361.462,3373.412,3367.789,8833635700,91189339582,-0.523,-0.00016
000300.ZICN,300,中证指数有限公司,沪深300,XSHG,2017/1/6,3367.789,3366.852,3346.891,3368.871,3347.667,8745911400,91072256748,-20.122,-0.00597
000300.ZICN,300,中证指数有限公司,沪深300,XSHG,2017/1/9,3347.667,3345.748,3344.347,3366.222,3363.901,8370794200,87916115243,16.234,0.00485
000300.ZICN,300,中证指数有限公司,沪深300,XSHG,2017/1/10,3363.901,3361.639,3354.088,3370.505,3358.272,8381916000,82533965080,-5.629,-0.00167
000300.ZICN,300,中证指数有限公司,沪深300,XSHG,2017/1/11,3358.272,3355.801,3334.298,3366.632,3334.495,9107143800,86750457122,-23.777,-0.00708
000300.ZICN,300,中证指数有限公司,沪深300,XSHG,2017/1/12,3334.495,3332.686,3315.963,3343.128,3317.624,8123913500,75031886874,-16.871,-0.00506
000300.ZICN,300,中证指数有限公司,沪深300,XSHG,2017/1/13,3317.624,3317.963,3309.374,3338.174,3319.912,8418058900,84556101403,2.288,0.00069
000300.ZICN,300,中证指数有限公司,沪深300,XSHG,2017/1/16,3319.912,3314.151,3264.207,3322.782,3319.446,15777913500,1.53E+11,-0.466,-0.00014
000300.ZICN,300,中证指数有限公司,沪深300,XSHG,2017/1/17,3319.446,3305.6,3292.204,3327.377,3326.356,6945332800,74754505696,6.91,0.00208
000300.ZICN,300,中证指数有限公司,沪深300,XSHG,2017/1/18,3326.356,3323.339,3320.406,3350.962,3339.365,7062322700,75680677264,13.009,0.00391
000300.ZICN,300,中证指数有限公司,沪深300,XSHG,2017/1/19,3339.365,3330.952,3324.684,3346.496,3329.289,6615980800,63869709163,-10.076,-0.00302
000300.ZICN,300,中证指数有限公司,沪深300,XSHG,2017/1/20,3329.289,3326.977,3326.374,3358.412,3354.889,6530046200,70831324310,25.6,0.00769
000300.ZICN,300,中证指数有限公司,沪深300,XSHG,2017/1/23,3354.889,3359.054,3355.848,3378.739,3364.081,7555749800,76492660154,9.192,0.00274
000300.ZICN,300,中证指数有限公司,沪深300,XSHG,2017/1/24,3364.081,3363.137,3355.899,3371.32,3364.451,6619422600,66049651289,0.37,0.00011
000300.ZICN,300,中证指数有限公司,沪深300,XSHG,2017/1/25,3364.451,3361.656,3357.218,3376.442,3375.904,5837693100,62483395802,11.453,0.0034
000300.ZICN,300,中证指数有限公司,沪深300,XSHG,2017/1/26,3375.904,3378.261,3378.261,3395.885,3387.961,6531664700,66488818305,12.057,0.00357
000300.ZICN,300,中证指数有限公司,沪深300,XSHG,2017/2/3,3387.961,3390.932,3362.565,3392.477,3364.492,5518886100,57113853255,-23.469,-0.00693
000300.ZICN,300,中证指数有限公司,沪深300,XSHG,2017/2/6,3364.492,3368.108,3358.752,3381.335,3373.205,6852136000,73408134768,8.713,0.00259
000300.ZICN,300,中证指数有限公司,沪深300,XSHG,2017/2/7,3373.205,3371.77,3354.625,3376.71,3365.685,6375446200,69758178999,-7.52,-0.00223
000300.ZICN,300,中证指数有限公司,沪深300,XSHG,2017/2/8,3365.685,3361.781,3347.43,3383.686,3383.288,7540287900,82869735773,17.603,0.00523
000300.ZICN,300,中证指数有限公司,沪深300,XSHG,2017/2/9,3383.288,3381.899,3379.787,3406.589,3396.292,9755851500,1.02E+11,13.004,0.00384
000300.ZICN,300,中证指数有限公司,沪深300,XSHG,2017/2/10,3396.292,3398.317,3398.03,3422.326,3413.487,12376872000,1.22E+11,17.195,0.00506
000300.ZICN,300,中证指数有限公司,沪深300,XSHG,2017/2/13,3413.487,3416.917,3416.875,3439.543,3436.275,12014453800,1.25E+11,22.788,0.00668
000300.ZICN,300,中证指数有限公司,沪深300,XSHG,2017/2/14,3436.275,3438.511,3424.403,3440.675,3435.804,9480946500,98537165438,-0.471,-0.00014
000300.ZICN,300,中证指数有限公司,沪深300,XSHG,2017/2/15,3435.804,3435.388,3417.081,3448.032,3421.713,12764333800,1.25E+11,-14.091,-0.0041
000300.ZICN,300,中证指数有限公司,沪深300,XSHG,2017/2/16,3421.713,3421.83,3418.351,3440.933,3440.933,10827696200,1.02E+11,19.22,0.00562
000300.ZICN,300,中证指数有限公司,沪深300,XSHG,2017/2/17,3440.933,3443.617,3419.614,3457.556,3421.442,11460003600,1.18E+11,-19.491,-0.00566
000300.ZICN,300,中证指数有限公司,沪深300,XSHG,2017/2/20,3421.442,3421.643,3421.643,3472.604,3471.393,13262886200,1.35E+11,49.951,0.0146
000300.ZICN,300,中证指数有限公司,沪深300,XSHG,2017/2/21,3471.393,3475.058,3472.017,3490.086,3482.823,11484200900,1.21E+11,11.43,0.00329
000300.ZICN,300,中证指数有限公司,沪深300,XSHG,2017/2/22,3482.823,3483.201,3473.524,3489.946,3489.757,10281599400,1.09E+11,6.934,0.00199
000300.ZICN,300,中证指数有限公司,沪深300,XSHG,2017/2/23,3489.757,3487.575,3460.118,3492.962,3473.324,9953633000,1.07E+11,-16.433,-0.00471
000300.ZICN,300,中证指数有限公司,沪深300,XSHG,2017/2/24,3473.324,3468.959,3455.251,3473.852,3473.852,9553513300,99875164759,0.528,0.00015
000300.ZICN,300,中证指数有限公司,沪深300,XSHG,2017/2/27,3473.852,3471.132,3441.394,3472.836,3446.223,9867216000,1.07E+11,-27.629,-0.00795
000300.ZICN,300,中证指数有限公司,沪深300,XSHG,2017/2/28,3446.223,3445.027,3441.359,3460.909,3452.81,7521526000,81979307361,6.587,0.00191
000300.ZICN,300,中证指数有限公司,沪深300,XSHG,2017/3/1,3452.81,3452.206,3449.109,3472.696,3458.438,10326035400,1.09E+11,5.628,0.00163
000300.ZICN,300,中证指数有限公司,沪深300,XSHG,2017/3/2,3458.438,3463.483,3434.001,3468.471,3435.096,8989807700,97876187925,-23.342,-0.00675
000300.ZICN,300,中证指数有限公司,沪深300,XSHG,2017/3/3,3435.096,3424.663,3412.831,3428.882,3427.863,8099465200,90009618835,-7.233,-0.00211
000300.ZICN,300,中证指数有限公司,沪深300,XSHG,2017/3/6,3427.863,3427.253,3425.904,3449.034,3446.484,8307088200,95178548496,18.621,0.00543
000300.ZICN,300,中证指数有限公司,沪深300,XSHG,2017/3/7,3446.484,3446.163,3440.057,3454.039,3453.957,8033472000,94483824245,7.473,0.00217
000300.ZICN,300,中证指数有限公司,沪深300,XSHG,2017/3/8,3453.957,3452.201,3441.258,3457.035,3448.731,7958769000,89124904682,-5.226,-0.00151
000300.ZICN,300,中证指数有限公司,沪深300,XSHG,2017/3/9,3448.731,3442.895,3414.678,3443.046,3426.944,8457038100,90090049490,-21.787,-0.00632
000300.ZICN,300,中证指数有限公司,沪深300,XSHG,2017/3/10,3426.944,3423.978,3423.937,3436.239,3427.892,7001619900,82161714923,0.948,0.00028
000300.ZICN,300,中证指数有限公司,沪深300,XSHG,2017/3/13,3427.892,3425.672,3412.688,3458.098,3458.098,9168412400,1.08E+11,30.206,0.00881
000300.ZICN,300,中证指数有限公司,沪深300,XSHG,2017/3/14,3458.098,3456.658,3448.903,3465.392,3456.693,7707796300,95317564129,-1.405,-0.00041
000300.ZICN,300,中证指数有限公司,沪深300,XSHG,2017/3/15,3456.693,3452.214,3445.268,3463.919,3463.644,7910495400,94056256667,6.951,0.00201
000300.ZICN,300,中证指数有限公司,沪深300,XSHG,2017/3/16,3463.644,3472.269,3472.269,3492.127,3481.507,10633391300,1.25E+11,17.863,0.00516
000300.ZICN,300,中证指数有限公司,沪深300,XSHG,2017/3/17,3481.507,3485.311,3441.469,3488.497,3445.805,10375556000,1.22E+11,-35.702,-0.01025
000300.ZICN,300,中证指数有限公司,沪深300,XSHG,2017/3/20,3445.805,3449.052,3429.825,3454.063,3449.613,8873432200,1.04E+11,3.808,0.00111
000300.ZICN,300,中证指数有限公司,沪深300,XSHG,2017/3/21,3449.613,3449.7696,3445.6416,3466.7026,3466.3468,8770785500,1.14E+11,16.7338,0.00485
000300.ZICN,300,中证指数有限公司,沪深300,XSHG,2017/3/22,3466.3468,3450.7544,3433.4994,3464.3328,3450.0502,10493589400,1.24E+11,-16.2966,-0.0047
000300.ZICN,300,中证指数有限公司,沪深300,XSHG,2017/3/23,3450.0502,3452.4056,3435.6912,3470.8164,3461.9782,9431806200,1.16E+11,11.928,0.00346
000300.ZICN,300,中证指数有限公司,沪深300,XSHG,2017/3/24,3461.9782,3464.1966,3461.1108,3499.3179,3489.5997,12564583300,1.42E+11,27.6215,0.00798
000300.ZICN,300,中证指数有限公司,沪深300,XSHG,2017/3/27,3489.5997,3488.7647,3474.5206,3505.9789,3478.0385,10701537700,1.24E+11,-11.5612,-0.00331
000300.ZICN,300,中证指数有限公司,沪深300,XSHG,2017/3/28,3478.0385,3480.249,3461.4678,3482.2923,3469.8093,8419482000,97495938765,-8.2292,-0.00237
000300.ZICN,300,中证指数有限公司,沪深300,XSHG,2017/3/29,3469.8093,3472.9665,3455.5529,3483.0571,3465.1933,10485170600,1.15E+11,-4.616,-0.00133
000300.ZICN,300,中证指数有限公司,沪深300,XSHG,2017/3/30,3465.1933,3461.6159,3422.366,3467.3049,3436.758,11637692200,1.22E+11,-28.4353,-0.00821
000300.ZICN,300,中证指数有限公司,沪深300,XSHG,2017/3/31,3436.758,3434.8222,3430.8197,3456.3051,3456.0455,9157749100,1.01E+11,19.2875,0.00561
000300.ZICN,300,中证指数有限公司,沪深300,XSHG,2017/4/6,3503.8932,3507.9879,3495.7246,3517.7779,3514.0469,13676700400,1.45E+11,10.1537,0.0029
000300.ZICN,300,中证指数有限公司,沪深300,XSHG,2017/4/7,3514.0469,3514.4521,3506.3885,3526.815,3517.4634,14029320400,1.45E+11,3.4165,0.00097
000300.ZICN,300,中证指数有限公司,沪深300,XSHG,2017/4/10,3517.4634,3519.4597,3502.0826,3522.7955,3505.1392,14188738000,1.56E+11,-12.3242,-0.0035
000300.ZICN,300,中证指数有限公司,沪深300,XSHG,2017/4/11,3505.1392,3503.8294,3466.139,3520.1315,3517.328,16594583200,1.89E+11,12.1888,0.00348
000300.ZICN,300,中证指数有限公司,沪深300,XSHG,2017/4/12,3517.328,3514.5723,3497.9991,3523.0975,3509.4387,18182453700,2.02E+11,-7.8893,-0.00224
000300.ZICN,300,中证指数有限公司,沪深300,XSHG,2017/4/13,3509.4387,3500.2838,3496.5699,3518.4385,3514.5662,12998181300,1.33E+11,5.1275,0.00146
000300.ZICN,300,中证指数有限公司,沪深300,XSHG,2017/4/14,3514.5662,3516.8103,3476.9468,3517.4664,3486.5045,13547407800,1.30E+11,-28.0617,-0.00798
000300.ZICN,300,中证指数有限公司,沪深300,XSHG,2017/4/17,3486.5045,3475.7381,3453.6759,3480.5696,3479.9417,11716496100,1.24E+11,-6.5628,-0.00188
000300.ZICN,300,中证指数有限公司,沪深300,XSHG,2017/4/18,3479.9417,3474.8892,3462.6297,3489.0845,3462.7429,11092782300,1.27E+11,-17.1988,-0.00494
000300.ZICN,300,中证指数有限公司,沪深300,XSHG,2017/4/19,3462.7429,3452.9904,3418.514,3459.3524,3445.8761,12134926400,1.27E+11,-16.8668,-0.00487
000300.ZICN,300,中证指数有限公司,沪深300,XSHG,2017/4/20,3445.8761,3444.5225,3440.7151,3465.6088,3461.5481,11418420800,1.34E+11,15.672,0.00455
000300.ZICN,300,中证指数有限公司,沪深300,XSHG,2017/4/21,3461.5481,3461.389,3449.5421,3475.5622,3466.7865,10441911000,1.15E+11,5.2384,0.00151
000300.ZICN,300,中证指数有限公司,沪深300,XSHG,2017/4/24,3466.7865,3458.2279,3403.9792,3458.2279,3431.2587,11466079100,1.23E+11,-35.5278,-0.01025
000300.ZICN,300,中证指数有限公司,沪深300,XSHG,2017/4/25,3431.2587,3427.7322,3422.6521,3449.6716,3440.9743,9407214800,1.08E+11,9.7156,0.00283
